[20:43:55] [main/INFO]: Loading Minecraft 1.20.1 with Fabric Loader 0.16.11
[20:43:55] [ForkJoinPool-1-worker-1/WARN]: Mod cpm uses the version 0.6.22a which isn't compatible with Loader's extended semantic version format (Could not parse version number component '22a'!), SemVer is recommended for reliably evaluating dependencies and prioritizing newer version
[20:43:55] [ForkJoinPool-1-worker-2/WARN]: Mod hamsters uses the version fabric-1.0.3-1.20.1 which isn't compatible with Loader's extended semantic version format (Could not parse version number component 'fabric'!), SemVer is recommended for reliably evaluating dependencies and prioritizing newer version
[20:43:55] [ForkJoinPool-1-worker-2/WARN]: The mod "takesapillage" contains invalid entries in its mod json:
- Unsupported root entry "mc-publish" at line 51 column 15
[20:43:55] [ForkJoinPool-1-worker-2/WARN]: The mod "farm_and_charm" contains invalid entries in its mod json:
- Unsupported root entry "credits" at line 10 column 12
[20:43:55] [ForkJoinPool-1-worker-3/WARN]: Mod totw_modded uses the version fabric-1.20.1-1.0.6 which isn't compatible with Loader's extended semantic version format (Could not parse version number component 'fabric'!), SemVer is recommended for reliably evaluating dependencies and prioritizing newer version
[20:43:55] [ForkJoinPool-1-worker-2/WARN]: The mod "dungeons_arise" contains invalid entries in its mod json:
- Unsupported root entry "credits" at line 12 column 12
[20:43:55] [ForkJoinPool-1-worker-2/WARN]: Mod naturalist uses the version 5.0pre3 which isn't compatible with Loader's extended semantic version format (Could not parse version number component '0pre3'!), SemVer is recommended for reliably evaluating dependencies and prioritizing newer version
[20:43:56] [main/WARN]: Warnings were found!
 - Mod 'Concurrent Chunk Management Engine' (c2me) 0.2.0+alpha.11.16 conflicts with any version of mod 'Better chunk loading mod' (betterchunkloading), which is present with the following versions: 1.20.1-5.5!
	 - While this won't prevent you from starting the game, the developer(s) of mod 'Concurrent Chunk Management Engine' (c2me) have found that this combination may cause issues. You should remove one of the mods or check for updates that resolve the issue.
 - Mod 'Debugify' (debugify) 1.20.1+2.0 recommends any 3.x version of yet-another-config-lib, which is missing!
	 - You should install any 3.x version of yet-another-config-lib for the optimal experience.
 - Mod 'Debugify' (debugify) 1.20.1+2.0 recommends any version of modmenu, which is missing!
	 - You should install any version of modmenu for the optimal experience.
 - Mod 'Exposure' (exposure) 1.7.13 recommends version 0.5.1-f or later of create, which is missing!
	 - You should install version 0.5.1-f or later of create for the optimal experience.
 - Mod '[Let's Do] Farm & Charm' (farm_and_charm) 1.0.7 conflicts with any version before 2.0.0 of mod '[Let's Do] Bakery' (bakery), which is present with the following versions: 1.1.15!
	 - While this won't prevent you from starting the game, the developer(s) of mod '[Let's Do] Farm & Charm' (farm_and_charm) have found that this combination may cause issues. You should remove one of the mods or check for updates that resolve the issue.
[20:43:56] [main/INFO]: Loading 312 mods:
	- achiopt 1.0.1
	- adorabuild_structures 2.8.0
	- amendments 1.20-1.2.19
	   \-- mixinextras 0.4.1
	- architectury 9.2.14
	- armoroftheages 1.5.6
	- artifacts 9.5.15
	   |-- expandability 9.0.4
	   \-- step-height-entity-attribute 1.2.0
	- atistructuresv 1.0.0
	- attributefix 21.0.4
	- automobility 0.4.2+1.20.1-fabric
	   \-- jsonem 0.2.1+1.20
	- awesomedungeon 3.2.0
	- awesomedungeonnether 3.1.1
	- awesomedungeonocean 3.3.0
	- azurelib 2.0.41
	- bakery 1.1.15
	- balm 7.3.27
	   \-- kuma_api 20.1.10
	- beekeeperhut 2.0.1
	- betterchunkloading 1.20.1-5.5
	- bettercombat 1.8.6+1.20.1
	- betterdeserttemples 1.20-Fabric-3.0.3
	   \-- org_reflections_reflections 0.10.2
	- betterdungeons 1.20-Fabric-4.0.4
	- betterfortresses 1.20-Fabric-2.0.6
	- betterjungletemples 1.20-Fabric-2.0.5
	- bettermineshafts 1.20-Fabric-4.0.4
	- betteroceanmonuments 1.20-Fabric-3.0.4
	- bettervillage 3.3.0
	- betterwitchhuts 1.20-Fabric-3.0.3
	- biomeswevegone 1.5.11
	- bosses_of_mass_destruction 1.7.5-1.20.1
	   |-- maelstrom_library 1.6.1-1.20
	   \-- multipart_entities 1.5-1.20
	- brutalbosses 1.20.1-8.1
	- c2me 0.2.0+alpha.11.16
	   |-- c2me-base 0.2.0+alpha.11.16
	   |-- c2me-client-uncapvd 0.2.0+alpha.11.16
	   |-- c2me-fixes-chunkio-threading-issues 0.2.0+alpha.11.16
	   |-- c2me-fixes-general-threading-issues 0.2.0+alpha.11.16
	   |-- c2me-fixes-worldgen-threading-issues 0.2.0+alpha.11.16
	   |-- c2me-fixes-worldgen-vanilla-bugs 0.2.0+alpha.11.16
	   |-- c2me-notickvd 0.2.0+alpha.11.16
	   |-- c2me-opts-allocs 0.2.0+alpha.11.16
	   |-- c2me-opts-chunk-access 0.2.0+alpha.11.16
	   |-- c2me-opts-chunkio 0.2.0+alpha.11.16
	   |-- c2me-opts-math 0.2.0+alpha.11.16
	   |-- c2me-opts-scheduling 0.2.0+alpha.11.16
	   |-- c2me-opts-worldgen-general 0.2.0+alpha.11.16
	   |-- c2me-opts-worldgen-vanilla 0.2.0+alpha.11.16
	   |-- c2me-rewrites-chunk-serializer 0.2.0+alpha.11.16
	   |-- c2me-rewrites-chunkio 0.2.0+alpha.11.16
	   |-- c2me-server-utils 0.2.0+alpha.11.16
	   |-- c2me-threading-chunkio 0.2.0+alpha.11.16
	   |-- c2me-threading-lighting 0.2.0+alpha.11.16
	   |-- c2me-threading-worldgen 0.2.0+alpha.11.16
	   |-- com_ibm_async_asyncutil 0.1.0
	   |-- net_objecthunter_exp4j 0.4.8
	   \-- org_threadly_threadly 7.0
	- cardinal-components 5.2.3
	   |-- cardinal-components-base 5.2.3
	   |-- cardinal-components-block 5.2.3
	   |-- cardinal-components-chunk 5.2.3
	   |-- cardinal-components-entity 5.2.3
	   |-- cardinal-components-item 5.2.3
	   |-- cardinal-components-level 5.2.3
	   |-- cardinal-components-scoreboard 5.2.3
	   \-- cardinal-components-world 5.2.3
	- carryon 2.1.2.7
	- chefsdelight 1.0.3-fabric-1.20.1
	- chunksending 1.20.1-2.8
	- cloth-config 11.1.136
	   \-- cloth-basic-math 0.6.1
	- corgilib 4.0.3.3
	   |-- com_electronwill_night-config_core 3.8.0
	   \-- com_electronwill_night-config_toml 3.8.0
	- coroutil 1.20.1-1.3.7
	- cpm 0.6.22a
	- creeperoverhaul 3.0.2
	- cristellib 1.1.5
	   \-- blue_endless_jankson 1.2.3
	- crittersandcompanions 2.2.2
	- ctov 3.4.14
	- cupboard 1.20.1-2.7
	- dawn 5.0.0
	   |-- terraform-shapes-api-v1 7.0.1
	   \-- terraform-wood-api-v1 7.0.1
	- debugify 1.20.1+2.0
	- diagonalfences 8.1.5
	   \-- diagonalblocks 8.0.6
	- diagonalwindows 8.1.5
	   \-- diagonalblocks 8.0.6
	- doapi 1.2.15
	   \-- terraform-wood-api-v1 7.0.1
	- dragonloot 1.1.4
	- dungeons_arise 2.1.58
	- dungeons_arise_seven_seas 1.0.2
	- earthtojavamobs 1.10.1
	- endermanoverhaul 1.0.4
	- enderzoology 8.0.3
	- exposure 1.7.13
	- fabric-api 0.92.5+1.20.1
	   |-- fabric-api-base 0.4.32+1802ada577
	   |-- fabric-api-lookup-api-v1 1.6.37+1802ada577
	   |-- fabric-biome-api-v1 13.0.14+1802ada577
	   |-- fabric-block-api-v1 1.0.12+1802ada577
	   |-- fabric-block-view-api-v2 1.0.3+924f046a77
	   |-- fabric-blockrenderlayer-v1 1.1.42+1802ada577
	   |-- fabric-client-tags-api-v1 1.1.3+1802ada577
	   |-- fabric-command-api-v1 1.2.35+f71b366f77
	   |-- fabric-command-api-v2 2.2.14+1802ada577
	   |-- fabric-commands-v0 0.2.52+df3654b377
	   |-- fabric-containers-v0 0.1.66+df3654b377
	   |-- fabric-content-registries-v0 4.0.13+1802ada577
	   |-- fabric-convention-tags-v1 1.5.6+1802ada577
	   |-- fabric-crash-report-info-v1 0.2.20+1802ada577
	   |-- fabric-data-attachment-api-v1 1.0.2+de0fd6d177
	   |-- fabric-data-generation-api-v1 12.3.6+1802ada577
	   |-- fabric-dimensions-v1 2.1.55+1802ada577
	   |-- fabric-entity-events-v1 1.6.1+1c78457f77
	   |-- fabric-events-interaction-v0 0.6.4+13a40c6677
	   |-- fabric-events-lifecycle-v0 0.2.64+df3654b377
	   |-- fabric-game-rule-api-v1 1.0.41+1802ada577
	   |-- fabric-item-api-v1 2.1.29+1802ada577
	   |-- fabric-item-group-api-v1 4.0.14+1802ada577
	   |-- fabric-key-binding-api-v1 1.0.38+1802ada577
	   |-- fabric-keybindings-v0 0.2.36+df3654b377
	   |-- fabric-lifecycle-events-v1 2.2.23+1802ada577
	   |-- fabric-loot-api-v2 1.2.3+1802ada577
	   |-- fabric-loot-tables-v1 1.1.47+9e7660c677
	   |-- fabric-message-api-v1 5.1.10+1802ada577
	   |-- fabric-mining-level-api-v1 2.1.52+1802ada577
	   |-- fabric-model-loading-api-v1 1.0.4+1802ada577
	   |-- fabric-models-v0 0.4.3+9386d8a777
	   |-- fabric-networking-api-v1 1.3.13+13a40c6677
	   |-- fabric-networking-v0 0.3.53+df3654b377
	   |-- fabric-object-builder-api-v1 11.1.5+e35120df77
	   |-- fabric-particles-v1 1.1.3+1802ada577
	   |-- fabric-recipe-api-v1 1.0.23+1802ada577
	   |-- fabric-registry-sync-v0 2.3.5+1802ada577
	   |-- fabric-renderer-api-v1 3.2.2+1802ada577
	   |-- fabric-renderer-indigo 1.5.3+85287f9f77
	   |-- fabric-renderer-registries-v1 3.2.47+df3654b377
	   |-- fabric-rendering-data-attachment-v1 0.3.39+92a0d36777
	   |-- fabric-rendering-fluids-v1 3.0.29+1802ada577
	   |-- fabric-rendering-v0 1.1.50+df3654b377
	   |-- fabric-rendering-v1 3.0.9+1802ada577
	   |-- fabric-resource-conditions-api-v1 2.3.9+1802ada577
	   |-- fabric-resource-loader-v0 0.11.12+fb82e9d777
	   |-- fabric-screen-api-v1 2.0.9+1802ada577
	   |-- fabric-screen-handler-api-v1 1.3.32+1802ada577
	   |-- fabric-sound-api-v1 1.0.14+1802ada577
	   |-- fabric-transfer-api-v1 3.3.6+8dd72ea377
	   \-- fabric-transitive-access-wideners-v1 4.3.2+1802ada577
	- fabric-language-kotlin 1.13.2+kotlin.2.1.20
	   |-- org_jetbrains_kotlin_kotlin-reflect 2.1.20
	   |-- org_jetbrains_kotlin_kotlin-stdlib 2.1.20
	   |-- org_jetbrains_kotlin_kotlin-stdlib-jdk7 2.1.20
	   |-- org_jetbrains_kotlin_kotlin-stdlib-jdk8 2.1.20
	   |-- org_jetbrains_kotlinx_atomicfu-jvm 0.27.0
	   |-- org_jetbrains_kotlinx_kotlinx-coroutines-core-jvm 1.10.1
	   |-- org_jetbrains_kotlinx_kotlinx-coroutines-jdk8 1.10.1
	   |-- org_jetbrains_kotlinx_kotlinx-datetime-jvm 0.6.2
	   |-- org_jetbrains_kotlinx_kotlinx-io-bytestring-jvm 0.7.0
	   |-- org_jetbrains_kotlinx_kotlinx-io-core-jvm 0.7.0
	   |-- org_jetbrains_kotlinx_kotlinx-serialization-cbor-jvm 1.8.0
	   |-- org_jetbrains_kotlinx_kotlinx-serialization-core-jvm 1.8.0
	   \-- org_jetbrains_kotlinx_kotlinx-serialization-json-jvm 1.8.0
	- fabricloader 0.16.11
	   \-- mixinextras 0.4.1
	- farm_and_charm 1.0.7
	- farmers_structures 1.0.0
	- farmersdelight 1.20.1-2.3.0+refabricated
	   |-- mm 2.3
	   |-- porting_lib_accessors 2.3.8+1.20.1
	   |    \-- porting_lib_core 2.3.8+1.20.1
	   |-- porting_lib_base 2.3.8+1.20.1
	   |    |-- porting_lib_attributes 2.3.8+1.20.1
	   |    |-- porting_lib_common 2.3.8+1.20.1
	   |    |-- porting_lib_core 2.3.8+1.20.1
	   |    |-- porting_lib_entity 2.3.8+1.20.1
	   |    |-- porting_lib_extensions 2.3.8+1.20.1
	   |    |-- porting_lib_fluids 2.3.8+1.20.1
	   |    |-- porting_lib_gui_utils 2.3.8+1.20.1
	   |    |-- porting_lib_mixin_extensions 2.3.8+1.20.1
	   |    |-- porting_lib_transfer 2.3.8+1.20.1
	   |    |-- porting_lib_utility 2.3.8+1.20.1
	   |    \-- reach-entity-attributes 2.4.0
	   |-- porting_lib_config 2.3.8+1.20.1
	   |    \-- porting_lib_core 2.3.8+1.20.1
	   |-- porting_lib_lazy_registration 2.3.8+1.20.1
	   |    \-- porting_lib_core 2.3.8+1.20.1
	   |-- porting_lib_loot 2.3.8+1.20.1
	   |    \-- porting_lib_core 2.3.8+1.20.1
	   |-- porting_lib_networking 2.3.8+1.20.1
	   |    \-- porting_lib_core 2.3.8+1.20.1
	   |-- porting_lib_recipe_book_categories 2.3.8+1.20.1
	   |    \-- porting_lib_core 2.3.8+1.20.1
	   |-- porting_lib_tags 3.0
	   |    \-- porting_lib_core 2.3.8+1.20.1
	   \-- porting_lib_tool_actions 2.3.8+1.20.1
	        \-- porting_lib_core 2.3.8+1.20.1
	- fastasyncworldsave 1.20.1-2.4
	- ferritecore 6.0.1
	- fireflybushfabric 1.0.0
	- flowerymooblooms 2.0.2
	- forgeconfigapiport 8.0.2
	- formations 1.0.3
	- formationsnether 1.0.5
	- formationsoverworld 1.0.4
	- friendsandfoes 3.0.9
	   \-- reach-entity-attributes 2.4.0
	- geckolib 4.7.1.2
	   \-- com_eliotlash_mclib_mclib 20
	- graveyard 3.0
	- hamsters fabric-1.0.3-1.20.1
	- hangglider 8.0.1
	- hardcorerevival 12.0.7
	- hopobettermineshaft 1.2.2
	- hopobetterruinedportal 1.3.7
	- hopobetterunderwaterruins 1.1.5
	- hybrid-aquatic 1.4.4
	   \-- reach-entity-attributes 2.4.0
	- iammusicplayer 3.22.0-alpha.7
	   \-- special-model-loader 1.2.0
	- illagerinvasion 8.0.7
	   \-- extensibleenums 7.0.1
	- illagerwarship 1.0.0
	- immersive_aircraft 1.2.2+1.20.1
	   \-- org_mariuszgromada_math_mathparser_org-mxparser 5.2.1
	- immersive_melodies 0.4.0+1.20.1
	- ironchests 5.0.2
	- jade 11.13.1+fabric
	- java 17
	- krypton 0.2.3
	   \-- com_velocitypowered_velocity-native 3.2.0-SNAPSHOT
	- leavesbegone 8.0.0
	- libraryferret 4.0.0
	- lithium 0.11.3
	- lithostitched 1.4
	- lootintegrations 1.20.1-4.4
	- luphieclutteredmod 2.1.0+1.20.1
	- mcwbridges 3.0.0
	- memoryleakfix 1.1.5
	- minecells 1.9.2
	   \-- gimm1q 0.7.9+1.20.1
	        \-- com_github_redempt_crunch 2.0.3
	- minecraft 1.20.1
	- mns 1.0.3-1.20-fabric
	- mobs_of_mythology 2.1.2
	- mobtimizations 1.20.1-1.0.0
	- modernfix 5.21.0+mc1.20.1
	- moonlight 1.20-2.14.1
	- mostructures 1.4.5+1.20.1
	   \-- omega-config 1.4.1+1.20.1
	- mss 1.2.7-1.20-fabric
	- mutantmonsters 8.0.7
	   \-- extensibleenums 7.0.1
	- mvs 4.1.4-1.20-fabric
	- mysticsbiomes 3.4.3
	   \-- terraform-wood-api-v1 7.0.1
	- mythicmounts 1.20.1-7.4
	- naturalist 5.0pre3
	   \-- midnightlib 1.4.1
	- noisium 2.3.0+mc1.20-1.20.1
	- nyfsspiders 2.1.1
	- ohthetreesyoullgrow 1.3.8
	- otyacraftengine 3.7.0-alpha.2
	- overweight_farming 1.20.1-2.0.3-fabric
	   \-- midnightlib 1.4.1
	- owo 0.11.2+1.20
	- packetfixer 2.0.0
	- patchouli 1.20.1-83-FABRIC
	   \-- fiber 0.23.0-2
	- perfectbirbs 1.2.0
	   \-- perfectplushieapi 0.1.1
	- perfectplushies 1.12.0
	   \-- perfectplushieapi 0.1.1
	- platform 1.2.7
	   \-- mixinextras 0.4.1
	- player-animator 1.0.2-rc1+1.20
	- plushables 1.1.4
	   \-- midnightlib 1.4.1
	- plushies 1.4.0
	- polymorph 0.49.10+1.20.1
	   \-- spectrelib 0.13.17+1.20.1
	- portablemobs 1.2.1+a
	- promenade 4.1.1
	   \-- biolith 1.0.0-alpha.8
	        \-- terraform-surfaces-api-v1 7.0.1
	- puzzleslib 8.1.32
	   \-- puzzlesaccessapi 20.1.1
	- regions_unexplored 0.5.6+1.20.1
	- resourcefulconfig 2.1.3
	- resourcefullib 2.1.29
	   |-- com_teamresourceful_bytecodecs 1.0.2
	   \-- com_teamresourceful_yabn 1.0.3
	- ribbits 1.20.1-Fabric-3.0.4
	- roguelike 2.0.4-build4-1.20.1-fabric
	- rottencreatures 1.1.0
	- simplehats 1.20.1-0.3.2
	- simplyswords 1.56.0-1.20.1
	   \-- spruceui 5.0.0+1.20
	- smartbrainlib 1.15
	- smoothchunk 1.20.1-4.1
	- snifferplus 0.3.0
	- snuffles 1.0.0+1.20
	- species 2.3
	- starlight 1.1.2+fabric.dbc156f
	- structureessentials 1.20.1-4.7
	- stunningstatues 1.0.2
	- supermartijn642corelib 1.1.18+a
	- supplementaries 1.20-3.1.30
	   \-- mixinsquared 0.1.1
	- t_and_t 1.12
	- takesapillage 1.0.6
	- terrablender 3.0.1.10
	- tinyskeletons 8.0.1
	- too_many_bows 3.6.0
	- totw_additions 1.3
	- totw_modded fabric-1.20.1-1.0.6
	- trashslot 15.1.1
	- travelersbackpack 9.1.33
	   \-- reach-entity-attributes 2.4.0
	- trinkets 3.7.2
	- vanillabackport 1.1.3
	- visualworkbench 8.0.0
	- watut 1.20.1-1.2.3
	- waystones 14.1.11
	- wildernature 1.0.5
	- wwoo 2.0.0
	- yet_another_config_lib_v3 3.6.6+1.20.1-fabric
	   |-- com_twelvemonkeys_common_common-image 3.12.0
	   |-- com_twelvemonkeys_common_common-io 3.12.0
	   |-- com_twelvemonkeys_common_common-lang 3.12.0
	   |-- com_twelvemonkeys_imageio_imageio-core 3.12.0
	   |-- com_twelvemonkeys_imageio_imageio-metadata 3.12.0
	   |-- com_twelvemonkeys_imageio_imageio-webp 3.12.0
	   |-- mixinextras 0.4.1
	   |-- org_quiltmc_parsers_gson 0.2.1
	   \-- org_quiltmc_parsers_json 0.2.1
	- yungsapi 1.20-Fabric-4.0.6
	   \-- org_javassist_javassist 3.29.2-GA
	- yungsbridges 1.20-Fabric-4.0.3
	- yungscavebiomes 1.20.1-Fabric-2.0.4
	- yungsextras 1.20-Fabric-4.0.3
	- yuushya 2.2.3
[20:43:56] [main/INFO]: SpongePowered MIXIN Subsystem Version=0.8.7 Source=file:/workspaces/Lambucio/servidor_minecraft/libraries/net/fabricmc/sponge-mixin/0.15.4+mixin.0.8.7/sponge-mixin-0.15.4+mixin.0.8.7.jar Service=Knot/Fabric Env=SERVER
[20:43:56] [main/INFO]: Compatibility level set to JAVA_17
[20:43:57] [main/INFO]: Initializing com.ishland.c2me.base.mixin
[20:43:57] [main/INFO]: Initializing com.ishland.c2me.fixes.chunkio.threading_issues.mixin
[20:43:57] [main/INFO]: Initializing com.ishland.c2me.fixes.general.threading_issues.mixin
[20:43:57] [main/INFO]: Initializing com.ishland.c2me.fixes.worldgen.threading_issues.mixin
[20:43:57] [main/INFO]: Initializing com.ishland.c2me.fixes.worldgen.vanilla_bugs.mixin
[20:43:57] [main/INFO]: Initializing com.ishland.c2me.notickvd.mixin
[20:43:57] [main/INFO]: Initializing com.ishland.c2me.opts.allocs.mixin
[20:43:57] [main/INFO]: Initializing com.ishland.c2me.opts.chunk_access.mixin
[20:43:57] [main/INFO]: Initializing com.ishland.c2me.opts.chunkio.mixin
[20:43:57] [main/INFO]: Initializing com.ishland.c2me.opts.math.mixin
[20:43:57] [main/INFO]: Initializing com.ishland.c2me.opts.scheduling.mixin
[20:43:57] [main/INFO]: Initializing com.ishland.c2me.opts.worldgen.general.mixin
[20:43:57] [main/INFO]: Initializing com.ishland.c2me.opts.worldgen.vanilla.mixin
[20:43:57] [main/INFO]: Initializing com.ishland.c2me.rewrites.chunk_serializer.mixin
[20:43:57] [main/INFO]: Disabling config ioSystem.gcFreeChunkSerializer: Incompatible with architectury@9.2.14 (*) (defined in c2me)
[20:43:57] [main/INFO]: Disabling com.ishland.c2me.rewrites.chunk_serializer.mixin
[20:43:57] [main/INFO]: Initializing com.ishland.c2me.rewrites.chunkio.mixin
[20:43:57] [main/INFO]: Disabling com.ishland.c2me.rewrites.chunkio.mixin
[20:43:57] [main/INFO]: Initializing com.ishland.c2me.server.utils.mixin
[20:43:57] [main/INFO]: Initializing com.ishland.c2me.threading.chunkio.mixin
[20:43:57] [main/INFO]: Initializing com.ishland.c2me.threading.lighting.mixin
[20:43:57] [main/INFO]: Initializing com.ishland.c2me.threading.worldgen.mixin
[20:43:57] [main/INFO]: Disabling com.ishland.c2me.threading.worldgen.mixin
[20:43:57] [main/WARN]: Reference map 'coroutil.refmap.json' for coroutil_fabric.mixins.json could not be read. If this is a development environment you can ignore this message
[20:43:57] [main/WARN]: Reference map '[common]ctov-common-refmap.json' for ctov-common.mixins.json could not be read. If this is a development environment you can ignore this message
[20:43:57] [main/INFO]: Preloading Debugify
[20:43:57] [main/WARN]: Reference map 'formationsnether.mixins.refmap.json' for formationsnether.mixins.json could not be read. If this is a development environment you can ignore this message
[20:43:57] [main/WARN]: Reference map 'formationsoverworld.mixins.refmap.json' for formationsoverworld.mixins.json could not be read. If this is a development environment you can ignore this message
[20:43:57] [main/WARN]: Reference map 'graveyard-FABRIC-fabric-refmap.json' for graveyard-fabric.mixins.json could not be read. If this is a development environment you can ignore this message
[20:43:57] [main/WARN]: Reference map 'hamsters-refmap.json' for hamsters.mixins.json could not be read. If this is a development environment you can ignore this message
[20:43:57] [main/INFO]: Loaded configuration file for Lithium: 131 options available, 5 override(s) found
[20:43:57] [main/WARN]: Reference map 'memoryleakfix-fabric-1.17+-fabric-refmap.json' for memoryleakfix-fabric.mixins.json could not be read. If this is a development environment you can ignore this message
[20:43:57] [main/INFO]: Loaded configuration file for ModernFix 5.21.0+mc1.20.1: 65 options available, 4 override(s) found
[20:43:57] [main/WARN]: Option 'mixin.bugfix.paper_chunk_patches' overriden (by mods [c2me]) to 'false'
[20:43:57] [main/WARN]: Option 'mixin.perf.cache_strongholds' overriden (by mods [c2me]) to 'false'
[20:43:57] [main/WARN]: Option 'mixin.perf.nbt_memory_usage' overriden (by mods [c2me]) to 'false'
[20:43:57] [main/WARN]: Option 'mixin.bugfix.chunk_deadlock' overriden (by mods [c2me]) to 'false'
[20:43:57] [main/INFO]: Applying Nashorn fix
[20:43:57] [main/WARN]: Reference map 'mythic-mounts-refmap.json' for mythic-mounts.mixins.json could not be read. If this is a development environment you can ignore this message
[20:43:57] [main/WARN]: Reference map 'puzzlesaccessapi.common.refmap.json' for puzzlesaccessapi.common.mixins.json could not be read. If this is a development environment you can ignore this message
[20:43:57] [main/WARN]: Reference map 'puzzlesaccessapi.fabric.refmap.json' for puzzlesaccessapi.fabric.mixins.json could not be read. If this is a development environment you can ignore this message
[20:43:57] [main/WARN]: Reference map 'simplyswords-fabric-refmap.json' for simplyswords.mixins.json could not be read. If this is a development environment you can ignore this message
[20:43:57] [main/WARN]: Reference map 'wildernature.fabric.mixins.refmap.json' for wildernature.fabric.mixins.json could not be read. If this is a development environment you can ignore this message
[20:43:57] [main/WARN]: Reference map 'yungsextras.refmap.json' for yungsextras.mixins.json could not be read. If this is a development environment you can ignore this message
[20:43:57] [main/WARN]: Reference map 'yungsextras.refmap.json' for yungsextras_fabric.mixins.json could not be read. If this is a development environment you can ignore this message
[20:43:57] [main/WARN]: Error loading class: net/minecraft/class_881 (java.lang.ClassNotFoundException: net/minecraft/class_881)
[20:43:57] [main/WARN]: @Mixin target net.minecraft.class_881 was not found porting_lib_base.mixins.json:client.BoatRendererMixin from mod porting_lib_base
[20:43:57] [main/WARN]: Error loading class: net/minecraft/class_525 (java.lang.ClassNotFoundException: net/minecraft/class_525)
[20:43:57] [main/WARN]: @Mixin target net.minecraft.class_525 was not found porting_lib_base.mixins.json:client.CreateWorldScreenMixin from mod porting_lib_base
[20:43:57] [main/WARN]: Error loading class: net/minecraft/class_906 (java.lang.ClassNotFoundException: net/minecraft/class_906)
[20:43:57] [main/WARN]: @Mixin target net.minecraft.class_906 was not found porting_lib_tool_actions.mixins.json:FishingHookRendererMixin from mod porting_lib_tool_actions
[20:43:58] [main/WARN]: Error loading class: net/minecraft/class_929 (java.lang.ClassNotFoundException: net/minecraft/class_929)
[20:43:58] [main/WARN]: @Mixin target net.minecraft.class_929 was not found earthtojava-common.mixins.json:CatEntityRendererMixin from mod earthtojavamobs
[20:43:58] [main/WARN]: Force-disabling mixin 'ai.task.memory_change_counting.BrainMixin' as rule 'mixin.ai.task.memory_change_counting' (added by mods [smartbrainlib]) disables it and children
[20:43:58] [main/WARN]: Force-disabling mixin 'ai.task.memory_change_counting.MultiTickTaskMixin' as rule 'mixin.ai.task.memory_change_counting' (added by mods [smartbrainlib]) disables it and children
[20:43:58] [main/WARN]: Force-disabling mixin 'alloc.blockstate.StateMixin' as rule 'mixin.alloc.blockstate' (added by mods [ferritecore]) disables it and children
[20:43:58] [main/WARN]: Force-disabling mixin 'block.moving_block_shapes.PistonBlockEntityMixin' as rule 'mixin.block.moving_block_shapes' (added by mods [supplementaries]) disables it and children
[20:43:58] [main/WARN]: Force-disabling mixin 'block.moving_block_shapes.VoxelShapeMixin' as rule 'mixin.block.moving_block_shapes' (added by mods [supplementaries]) disables it and children
[20:43:58] [main/WARN]: Force-disabling mixin 'world.player_chunk_tick.ThreadedAnvilChunkStorageMixin' as rule 'mixin.world.player_chunk_tick' (added by mods [c2me, krypton]) disables it and children
[20:43:58] [main/WARN]: Error loading class: net/minecraft/class_337$1 (java.lang.ClassNotFoundException: net/minecraft/class_337$1)
[20:43:58] [main/WARN]: @Mixin target net/minecraft/class_337$1 was not found minecells.mixins.json:client.hud.BossBarUpdaterMixin from mod minecells
[20:43:58] [main/WARN]: Error loading class: fr/catcore/server/translations/api/resource/language/SystemDelegatedLanguage (java.lang.ClassNotFoundException: fr/catcore/server/translations/api/resource/language/SystemDelegatedLanguage)
[20:43:58] [main/ERROR]: Polymorph failed to correct integration configuration spec
[20:43:58] [main/INFO]: Loaded config for: structureessentials.json
[20:43:58] [main/WARN]: Error loading class: me/jellysquid/mods/sodium/client/render/chunk/compile/pipeline/FluidRenderer (java.lang.ClassNotFoundException: me/jellysquid/mods/sodium/client/render/chunk/compile/pipeline/FluidRenderer)
[20:43:58] [main/INFO]: [MemoryLeakFix] Will be applying 1 memory leak fixes!
[20:43:58] [main/INFO]: [MemoryLeakFix] Currently enabled memory leak fixes: [biomeTemperatureLeak]
[20:43:59] [main/WARN]: Error loading class: net/minecraft/class_314 (java.lang.ClassNotFoundException: net/minecraft/class_314)
[20:43:59] [main/WARN]: @Mixin target net.minecraft.class_314 was not found mixins.mm.json:net.minecraft.class_314 from mod mm
[20:43:59] [main/INFO]: Initializing MixinExtras via com.llamalad7.mixinextras.service.MixinExtrasServiceImpl(version=0.4.1).
[20:44:01] [main/WARN]: @Inject(@At("INVOKE")) Shift.BY=1 on crittersandcompanions.mixins.json:LivingEntityMixin from mod crittersandcompanions::handler$bip000$crittersandcompanions$onDie exceeds the maximum allowed value: 0. Increase the value of maxShiftBy to suppress this warning.
[20:44:02] [main/INFO]: Injecting BlockStateBase cache population hook into getNeighborPathNodeType from me.jellysquid.mods.lithium.mixin.ai.pathing.AbstractBlockStateMixin
[20:44:02] [main/INFO]: Injecting BlockStateBase cache population hook into getPathNodeType from me.jellysquid.mods.lithium.mixin.ai.pathing.AbstractBlockStateMixin
[20:44:02] [main/INFO]: Injecting BlockStateBase cache population hook into getOpacityIfCached from ca.spottedleaf.starlight.mixin.common.blockstate.BlockStateBaseMixin
[20:44:02] [main/INFO]: Injecting BlockStateBase cache population hook into isConditionallyFullOpaque from ca.spottedleaf.starlight.mixin.common.blockstate.BlockStateBaseMixin
[20:44:02] [main/INFO]: Injecting BlockStateBase cache population hook into getAllFlags from me.jellysquid.mods.lithium.mixin.util.block_tracking.AbstractBlockStateMixin
[20:44:04] [main/WARN]: Method overwrite conflict for scheduleRandomTick in ohthetreesyoullgrow.mixins.json:chunk.MixinChunkAccess from mod ohthetreesyoullgrow, previously written by corgitaco.corgilib.mixin.chunk.MixinChunkAccess. Skipping method.
[20:44:04] [main/WARN]: Method overwrite conflict for getScheduledRandomTicks in ohthetreesyoullgrow.mixins.json:chunk.MixinChunkAccess from mod ohthetreesyoullgrow, previously written by corgitaco.corgilib.mixin.chunk.MixinChunkAccess. Skipping method.
[20:44:04] [main/WARN]: Method overwrite conflict for getContainerCounter in porting_lib_accessors.mixins.json:common.accessor.ServerPlayerAccessor from mod porting_lib_accessors, previously written by com.helliongames.snifferplus.mixin.MixinServerPlayer. Skipping method.
[20:44:04] [main/WARN]: Method overwrite conflict for getContainerCounter in moonlight.mixins.json:ServerPlayerAccessor from mod moonlight, previously written by com.helliongames.snifferplus.mixin.MixinServerPlayer. Skipping method.
[20:44:04] [main/WARN]: Method overwrite conflict for getContainerCounter in species.mixins.json:ServerPlayerAccessor from mod species, previously written by com.helliongames.snifferplus.mixin.MixinServerPlayer. Skipping method.
[20:44:06] [main/WARN]: Static binding violation: PRIVATE @Overwrite method method_21740 in modernfix-common.mixins.json:perf.remove_biome_temperature_cache.BiomeMixin from mod modernfix cannot reduce visibiliy of PUBLIC target method, visibility will be upgraded.
[20:44:06] [main/WARN]: Method overwrite conflict for method_21740 in modernfix-common.mixins.json:perf.remove_biome_temperature_cache.BiomeMixin from mod modernfix, previously written by me.jellysquid.mods.lithium.mixin.world.temperature_cache.BiomeMixin. Skipping method.
[20:44:07] [main/INFO]: Vanilla bootstrap took 7131 milliseconds
[20:44:07] [main/ERROR]: Entity vanillabackport:creaking has no attributes
[20:44:07] [main/ERROR]: Entity vanillabackport:happy_ghast has no attributes
[20:44:07] [main/INFO]: fabric loader environment detected
[20:44:07] [main/INFO]: Loaded config for: cupboard.json
[20:44:08] [main/INFO]: [Regions Unexplored] generating and loading config
[20:44:08] [main/INFO]: Loaded config amendments-common.json
[20:44:08] [main/INFO]: Deserializing AOTAConfig from './config/armoroftheages.json'
[20:44:09] [main/INFO]: Registering C2S receiver with id artifacts:networking_channel/42a7ad70b1cc371599a0eff744096b8a
[20:44:09] [main/INFO]: Registering C2S receiver with id artifacts:networking_channel/74a5e841822a3a87854ae896a33430d6
[20:44:09] [main/INFO]: Registering C2S receiver with id artifacts:networking_channel/eb3d1e2748533430848cadf0f37c7e9c
[20:44:09] [main/INFO]: Registering C2S receiver with id artifacts:networking_channel/91c8520f19f93b3e8b6a727568e194ab
[20:44:09] [main/INFO]: Registering C2S receiver with id artifacts:networking_channel/8c2784d778293fd482ed84b8aa5fedb9
[20:44:09] [main/INFO]: Registering C2S receiver with id artifacts:networking_channel/ea038224ea783d40b2863f52239e2604
[20:44:09] [main/INFO]: Registering C2S receiver with id artifacts:networking_channel/97ad64b7ecaf33209991c4f031501a58
[20:44:09] [main/INFO]: Initializing AtistructuresvMod
[20:44:09] [main/INFO]: Registered azurelib config for auto-sync function
[20:44:09] [main/INFO]: betterchunkloading mod initialized
[20:44:09] [main/INFO]: Reflections took 56 ms to scan 1 urls, producing 1 keys and 2 values
[20:44:09] [main/INFO]: Reflections took 3 ms to scan 1 urls, producing 1 keys and 2 values
[20:44:09] [main/INFO]: Reflections took 3 ms to scan 1 urls, producing 1 keys and 3 values
[20:44:09] [main/INFO]: Reflections took 3 ms to scan 1 urls, producing 1 keys and 3 values
[20:44:09] [main/INFO]: Reflections took 1 ms to scan 1 urls, producing 1 keys and 1 values
[20:44:09] [main/INFO]: Reflections took 4 ms to scan 1 urls, producing 1 keys and 1 values
[20:44:09] [main/INFO]: Reflections took 1 ms to scan 1 urls, producing 1 keys and 3 values
[20:44:09] [main/INFO]: Reflections took 2 ms to scan 1 urls, producing 1 keys and 3 values
[20:44:09] [main/INFO]: Reflections took 2 ms to scan 1 urls, producing 1 keys and 2 values
[20:44:09] [main/INFO]: Reflections took 1 ms to scan 1 urls, producing 1 keys and 2 values
[20:44:09] [main/INFO]: Reflections took 2 ms to scan 1 urls, producing 1 keys and 1 values
[20:44:09] [main/INFO]: Reflections took 1 ms to scan 1 urls, producing 1 keys and 1 values
[20:44:09] [main/INFO]: Reflections took 1 ms to scan 1 urls, producing 1 keys and 1 values
[20:44:09] [main/INFO]: Reflections took 1 ms to scan 1 urls, producing 1 keys and 1 values
[20:44:09] [main/INFO]: Biolith is initializing...
[20:44:09] [main/INFO]: Enabling Biolith's TerraBlender compatibility layer.
[20:44:10] [main/INFO]: Initializing network...
[20:44:10] [main/INFO]: Initialized network!
[20:44:10] [main/INFO]: Registering Oh The Biomes We've Gone items
[20:44:10] [main/INFO]: Registering Oh The Biomes We've Gone Blocks
[20:44:10] [main/INFO]: Registering Oh The Biomes We've Gone Wood
[20:44:10] [main/INFO]: Bypassed Mojang DFU
[20:44:10] [main/INFO]: Instantiating Mojang DFU
[20:44:10] [main/ERROR]: No data fixer registered for biomeswevegone:sign
[20:44:10] [main/ERROR]: No data fixer registered for biomeswevegone:hanging_sign
[20:44:10] [main/INFO]: Registering Oh The Biomes We've Gone Block Entities
[20:44:10] [main/INFO]: Registering Oh The Biomes We've Gone Entities
[20:44:10] [main/INFO]: Registering Oh The Biomes We've Gone Creative Tabs
[20:44:10] [main/INFO]: Registering Oh The Biomes We've Gone Sounds
[20:44:10] [main/INFO]: Registering Oh The Biomes We've Gone Block Predicate
[20:44:10] [main/INFO]: Registering Oh The Biomes We've Gone State Providers
[20:44:10] [main/INFO]: Registering Oh The Biomes We've Gone Tree Decorators
[20:44:10] [main/INFO]: Registering Oh The Biomes We've Gone Custom Features
[20:44:10] [main/INFO]: Registering Oh The Biomes We've Gone Structure Pieces
[20:44:10] [main/INFO]: Registering Oh The Biomes We've Gone Custom Structure Types
[20:44:10] [main/INFO]: Registering Oh The Biomes We've Gone Configured Features
[20:44:10] [main/INFO]: Creating and Registering Overworld Vegetation Configured Features
[20:44:10] [main/INFO]: Registering Oh The Biomes We've Gone Tree Configured Features
[20:44:10] [main/INFO]: Creating and Registering Vanilla Configured Features
[20:44:10] [main/INFO]: Registering Oh The Biomes You'll Go Overworld Configured Features
[20:44:10] [main/INFO]: Registering Oh The Biomes We've Gone Placed Features
[20:44:10] [main/INFO]: Creating and Registering Overworld Tree Placed Features
[20:44:10] [main/INFO]: Creating and Registering Overworld Vegetation Placed Features
[20:44:10] [main/INFO]: Creating and Registering Vanilla Placed Features
[20:44:10] [main/INFO]: Registering Oh The Biomes We've Gone Custom Surface Rules
[20:44:11] [main/INFO]: Registering Oh The Biomes We've Gone Template Pools
[20:44:11] [main/INFO]: Registering Oh The Biome's We've Gone Village Template Pools
[20:44:11] [main/INFO]: Registering Oh The Biomes We've Gone Poi Types
[20:44:11] [main/INFO]: Registering Oh The Biomes We've Gone Villager Professions
[20:44:11] [main/INFO]: Registering Oh The Biomes We've Gone Custom Structure Processors
[20:44:11] [main/INFO]: Creating and Registering BWG Biome Modifiers for Vanilla Biomes
[20:44:11] [main/INFO]: Brutal bosses initialized
[20:44:11] [main/INFO]: Hello Fabric world!
[20:44:11] [main/INFO]: [STDOUT]: All 6 have been set properly
[20:44:11] [main/INFO]: Loaded config for: chunksending.json
[20:44:11] [main/INFO]: chunksending mod initialized
[20:44:11] [main/INFO]: Customizable Player Models Initialized
[20:44:11] [main/INFO]: Customizable Player Models API initialized: Loaded plugins: (0)

[20:44:11] [main/INFO]: Enabled 34 bug fixes: [MC-2025, MC-7569, MC-8187, MC-14923, MC-30391, MC-31819, MC-69216, MC-72151, MC-88371, MC-89146, MC-90084, MC-93018, MC-100991, MC-119417, MC-119754, MC-121706, MC-121903, MC-124117, MC-129909, MC-132878, MC-135971, MC-155509, MC-160095, MC-179072, MC-183990, MC-193343, MC-199467, MC-200418, MC-206922, MC-215530, MC-223153, MC-224729, MC-231743, MC-232869]
[20:44:11] [main/INFO]: Successfully Debugify'd your game!
[20:44:11] [main/INFO]: Constructing common components for diagonalblocks:main
[20:44:11] [main/INFO]: Constructing common components for diagonalfences:main
[20:44:11] [main/INFO]: Constructing shapes for DiagonalFenceBlock[NodeWidth=2.0,ExtensionWidth=2.0,NodeTop=24.0,ExtensionBottom=0.0,ExtensionTop=24.0] took 42ms
[20:44:11] [main/INFO]: Constructing shapes for DiagonalFenceBlock[NodeWidth=2.0,ExtensionWidth=2.0,NodeTop=16.0,ExtensionBottom=0.0,ExtensionTop=16.0] took 42ms
[20:44:11] [main/INFO]: Constructing shapes for DiagonalFenceBlock[NodeWidth=2.0,ExtensionWidth=1.0,NodeTop=16.0,ExtensionBottom=6.0,ExtensionTop=15.0] took 111ms
[20:44:11] [main/INFO]: Constructing common components for diagonalwindows:main
[20:44:11] [main/INFO]: Constructing shapes for DiagonalStainedGlassPaneBlock[NodeWidth=1.0,ExtensionWidth=1.0,NodeTop=16.0,ExtensionBottom=0.0,ExtensionTop=16.0] took 26ms
[20:44:11] [main/INFO]: Hello Fabric world!
[20:44:12] [main/INFO]: [Earth2Java] Mod loaded! Enjoy :D
[20:44:12] [main/INFO]: Constructing common components for enderzoology:main
[20:44:12] [main/INFO]: Loading common config for enderzoology
[20:44:12] [main/INFO]: ExpandAbility here, who dis?
[20:44:12] [main/INFO]: Initializing FireflybushfabricMod
[20:44:12] [main/INFO]: Initializing Gimm1q - Mim1q's Fabric modding library!
[20:44:12] [main/INFO]: Registered JSON trade offer adapter.
[20:44:12] [main/INFO]: Constructing common components for hangglider:main
[20:44:13] [main/INFO]: Initializing Hybrid Aquatic
[20:44:13] [main/ERROR]: No data fixer registered for hybrid-aquatic:anemone
[20:44:13] [main/ERROR]: No data fixer registered for hybrid-aquatic:strawberry_anemone
[20:44:13] [main/ERROR]: No data fixer registered for hybrid-aquatic:message_in_a_bottle
[20:44:13] [main/ERROR]: No data fixer registered for hybrid-aquatic:buoy
[20:44:13] [main/INFO]: Loading Hybrid Aquatic config file
[20:44:13] [main/INFO]: Registering C2S receiver with id iammusicplayer:music_sync
[20:44:13] [main/INFO]: Registering C2S receiver with id iammusicplayer:music_playlist_add
[20:44:13] [main/INFO]: Registering C2S receiver with id iammusicplayer:music_playlist_edit
[20:44:13] [main/INFO]: Registering C2S receiver with id iammusicplayer:music_playlist_change_authority
[20:44:13] [main/INFO]: Registering C2S receiver with id iammusicplayer:music_add
[20:44:13] [main/INFO]: Registering C2S receiver with id iammusicplayer:music_edit
[20:44:13] [main/INFO]: Registering C2S receiver with id iammusicplayer:music_ring_ready_result
[20:44:13] [main/INFO]: Registering C2S receiver with id iammusicplayer:music_ring_update_result
[20:44:13] [main/INFO]: Registering C2S receiver with id iammusicplayer:music_or_playlist_delete
[20:44:13] [main/INFO]: Registering C2S receiver with id iammusicplayer:multiple_music_add
[20:44:13] [main/INFO]: Registering C2S receiver with id iammusicplayer:hand_lid_cycle
[20:44:13] [main/INFO]: Constructing common components for illagerinvasion:main
[20:44:13] [main/INFO]: Initializing IllagerwarshipMod
[20:44:13] [main/INFO]: Compression will use libdeflate (Linux x86_64), encryption will use OpenSSL 3.0.x (Linux x86_64)
[20:44:13] [main/INFO]: Constructing common components for leavesbegone:main
[20:44:13] [main/INFO]: Initialize mod Library Ferret
[20:44:13] [main/INFO]: Initialized mod Library Ferret
[20:44:14] [main/INFO]: Initializing LuphieclutteredmodMod
[20:44:14] [main/INFO]: Definitely not up to no good
[20:44:14] [main/INFO]: Registered mobs_of_mythology config for auto-sync function
[20:44:15] [main/INFO]: Constructing common components for mutantmonsters:main
[20:44:15] [main/INFO]: Loading common config for mutantmonsters
[20:44:15] [main/INFO]: mystic's biomes ~ registering biomes
[20:44:15] [main/INFO]: mystic's biomes ~ registering blocks
[20:44:15] [main/ERROR]: No data fixer registered for butterfly_nest
[20:44:15] [main/INFO]: mystic's biomes ~ registering block entities
[20:44:15] [main/INFO]: mystic's biomes ~ registering animals & critters
[20:44:15] [main/INFO]: mystic's biomes ~ registering items
[20:44:15] [main/INFO]: mystic's biomes ~ registering features
[20:44:15] [main/INFO]: mystic's biomes ~ registering configured features
[20:44:15] [main/INFO]: mystic's biomes ~ registering placed features
[20:44:15] [main/INFO]: mystic's biomes ~ registering poi types
[20:44:15] [main/INFO]: mystic's biomes ~ registering sounds
[20:44:15] [main/INFO]: mystic's biomes ~ registering creative tab
[20:44:15] [main/INFO]: Loading Noisium.
[20:44:15] [main/INFO]: Registering C2S receiver with id otyacraftengine:block_entity_instruction
[20:44:15] [main/INFO]: Registering C2S receiver with id otyacraftengine:item_instruction
[20:44:15] [pool-4-thread-1/INFO]: Reloading common config for mutantmonsters
[20:44:15] [main/INFO]: make a man a mod, he'll be enteratined for a few minutes - teach a man to mod, and he'll mald till the end of time
[20:44:15] [main/INFO]: Packet Fixer has been initialized successfully
[20:44:15] [main/INFO]: [Plushables] Finished loading!
[20:44:16] [main/INFO]: Constructing common components for puzzleslib:main
[20:44:16] [main/INFO]: Reflections took 13 ms to scan 1 urls, producing 6 keys and 40 values
[20:44:16] [main/INFO]: Reflections took 10 ms to scan 1 urls, producing 6 keys and 40 values
[20:44:16] [main/INFO]: Registering Ribbit instruments...
[20:44:16] [main/INFO]: Registering Ribbit umbrella types...
[20:44:16] [main/INFO]: Registering Ribbit professions...
[20:44:16] [main/INFO]: Registering Ribbit data serializers...
[20:44:16] [main/INFO]: Loaded 293 hat entries from simplehats.json
[20:44:16] [main/INFO]: Generated 293 hat items from hat entries.
[20:44:16] [main/INFO]: [STDOUT]: /workspaces/Lambucio/servidor_minecraft/config
[20:44:16] [main/INFO]: Loading SnufflesConfig...
[20:44:16] [main/INFO]: structureessentials mod initialized
[20:44:16] [main/INFO]: Initializing Stunning Statues!
[20:44:16] [main/INFO]: Loaded config supplementaries-common.json
[20:44:17] [main/INFO]: Registered region minecraft:overworld to index 0 for type OVERWORLD
[20:44:17] [main/INFO]: Registered region minecraft:nether to index 0 for type NETHER
[20:44:17] [main/INFO]: Registered region biomeswevegone:region_0 to index 1 for type OVERWORLD
[20:44:17] [main/INFO]: Registered region biomeswevegone:region_1 to index 2 for type OVERWORLD
[20:44:17] [main/INFO]: Registered region biomeswevegone:region_2 to index 3 for type OVERWORLD
[20:44:17] [main/INFO]: Registered region mysticsbiomes:overworld_provider to index 4 for type OVERWORLD
[20:44:17] [main/INFO]: Registered region regions_unexplored:primary to index 5 for type OVERWORLD
[20:44:17] [main/INFO]: Registered region regions_unexplored:secondary to index 6 for type OVERWORLD
[20:44:17] [main/INFO]: Registered region regions_unexplored:nether to index 1 for type NETHER
[20:44:17] [main/INFO]: Registered region yungscavebiomes:overworld to index 7 for type OVERWORLD
[20:44:17] [main/INFO]: Constructing common components for tinyskeletons:main
[20:44:17] [main/INFO]: Hello Fabric world!
[20:44:17] [main/INFO]: Registered the FluidEffect with Unique ID of minecraft:water for Water (Fluid Amount Required: 81000) with the ID 0
[20:44:17] [main/INFO]: Registered the FluidEffect with Unique ID of minecraft:lava for Lava (Fluid Amount Required: 81000) with the ID 1
[20:44:17] [main/INFO]: Registered the FluidEffect with Unique ID of travelersbackpack:potion for block.travelersbackpack.potion_still (Fluid Amount Required: 27000) with the ID 2
[20:44:17] [main/INFO]: Registered the FluidEffect with Unique ID of minecraft:milk for Air (Fluid Amount Required: 81000) with the ID 3
[20:44:17] [main/INFO]: Constructing common components for visualworkbench:main
[20:44:17] [main/INFO]: Registering C2S receiver with id wildernature:screen_action
[20:44:17] [main/INFO]: Reflections took 2 ms to scan 1 urls, producing 1 keys and 4 values
[20:44:17] [main/INFO]: Reflections took 2 ms to scan 1 urls, producing 1 keys and 4 values
[20:44:17] [main/INFO]: Reflections took 1 ms to scan 1 urls, producing 1 keys and 2 values
[20:44:17] [main/INFO]: Reflections took 0 ms to scan 1 urls, producing 1 keys and 2 values
[20:44:17] [main/INFO]: Reflections took 13 ms to scan 1 urls, producing 5 keys and 66 values
[20:44:17] [main/INFO]: Reflections took 12 ms to scan 1 urls, producing 5 keys and 66 values
[20:44:17] [main/INFO]: Reflections took 2 ms to scan 1 urls, producing 1 keys and 2 values
[20:44:17] [main/INFO]: Reflections took 0 ms to scan 1 urls, producing 1 keys and 2 values
[20:44:19] [main/INFO]: Yuushya has been loaded successfully!
[20:44:19] [main/INFO]: Krypton is now accelerating your Minecraft server's networking stack 🚀
[20:44:19] [main/INFO]: Initialized block sets in 47ms
[20:44:19] [main/INFO]: Loaded config moonlight-common.json
[20:44:19] [main/INFO]: Initialized color sets in 95ms
[20:44:19] [main/INFO]: Finished mod setup in: [0, 0, 0, 0, 0, 0, 19, 7, 0] ms
[20:44:19] [main/INFO]: Environment: authHost='https://authserver.mojang.com', accountsHost='https://api.mojang.com', sessionHost='https://sessionserver.mojang.com', servicesHost='https://api.minecraftservices.com', name='PROD'
[20:44:20] [main/INFO]: Generated runtime resources for 1 packs in a total of: 32 ms
[20:44:20] [main/WARN]: Invalid path in datapack: fokastudio:worldgen/biome/README.md, ignoring
[20:44:21] [main/INFO]: Structure placement for `awesomedungeon:abandoned_oak_palace/start_pool`: { spacing: 50, separation: 25, salt: 1694767080, useValueFromConfiguration: true}
[20:44:21] [main/INFO]: Structure placement for `awesomedungeon:better_default_jungle_temple/start_pool`: { spacing: 50, separation: 25, salt: 1654787080, useValueFromConfiguration: true}
[20:44:21] [main/INFO]: Structure placement for `awesomedungeonocean:brigantine/start_pool`: { spacing: 25, separation: 10, salt: 294215156, useValueFromConfiguration: true}
[20:44:21] [main/INFO]: Structure placement for `awesomedungeon:desert_temple_husk/start_pool`: { spacing: 50, separation: 25, salt: 1394767080, useValueFromConfiguration: true}
[20:44:21] [main/INFO]: Structure placement for `awesomedungeonocean:frigate_large/start_pool`: { spacing: 25, separation: 10, salt: 354415156, useValueFromConfiguration: true}
[20:44:21] [main/INFO]: Structure placement for `awesomedungeonocean:frigate_medium/start_pool`: { spacing: 25, separation: 10, salt: 474155156, useValueFromConfiguration: true}
[20:44:21] [main/INFO]: Structure placement for `awesomedungeon:jungle_giant_tree/start_pool`: { spacing: 50, separation: 25, salt: 1494763380, useValueFromConfiguration: true}
[20:44:21] [main/INFO]: Structure placement for `awesomedungeon:mushroom_abandonned/start_pool`: { spacing: 50, separation: 25, salt: 1494227080, useValueFromConfiguration: true}
[20:44:21] [main/INFO]: Structure placement for `awesomedungeonnether:nth_absi_palace/start_pool`: { spacing: 50, separation: 25, salt: 19482856, useValueFromConfiguration: true}
[20:44:21] [main/INFO]: Structure placement for `awesomedungeonnether:nth_accum_quad/start_pool`: { spacing: 50, separation: 25, salt: 28482856, useValueFromConfiguration: true}
[20:44:21] [main/INFO]: Structure placement for `awesomedungeonnether:nth_blaze_tower/start_pool`: { spacing: 50, separation: 25, salt: 37482856, useValueFromConfiguration: true}
[20:44:21] [main/INFO]: Structure placement for `awesomedungeonnether:nth_center_square/start_pool`: { spacing: 50, separation: 25, salt: 46482856, useValueFromConfiguration: true}
[20:44:21] [main/INFO]: Structure placement for `awesomedungeonnether:nth_giant_crimson_tree/start_pool`: { spacing: 50, separation: 25, salt: 55482856, useValueFromConfiguration: true}
[20:44:21] [main/INFO]: Structure placement for `awesomedungeonnether:nth_obsi_house/start_pool`: { spacing: 50, separation: 25, salt: 64482856, useValueFromConfiguration: true}
[20:44:21] [main/INFO]: Structure placement for `awesomedungeonocean:ocean_cage/start_pool`: { spacing: 25, separation: 10, salt: 40842806, useValueFromConfiguration: true}
[20:44:21] [main/INFO]: Structure placement for `awesomedungeonocean:ocean_quad/start_pool`: { spacing: 25, separation: 10, salt: 254835856, useValueFromConfiguration: true}
[20:44:21] [main/INFO]: Structure placement for `awesomedungeonocean:ocean_ruin_pillager/start_pool`: { spacing: 25, separation: 10, salt: 254145856, useValueFromConfiguration: true}
[20:44:21] [main/INFO]: Structure placement for `awesomedungeonocean:ocean_ruin_vanilla_temple/start_pool`: { spacing: 25, separation: 10, salt: 25482856, useValueFromConfiguration: true}
[20:44:21] [main/INFO]: Structure placement for `awesomedungeonocean:ocean_temple_quad/start_pool`: { spacing: 25, separation: 10, salt: 35482856, useValueFromConfiguration: true}
[20:44:21] [main/INFO]: Structure placement for `awesomedungeonocean:ocean_the_column_temple/start_pool`: { spacing: 25, separation: 10, salt: 15482856, useValueFromConfiguration: true}
[20:44:21] [main/INFO]: Structure placement for `awesomedungeonocean:ocean_warn_temple/start_pool`: { spacing: 25, separation: 10, salt: 45482856, useValueFromConfiguration: true}
[20:44:21] [main/INFO]: Structure placement for `awesomedungeon:swamp_big_temple/start_pool`: { spacing: 50, separation: 25, salt: 1594763280, useValueFromConfiguration: true}
[20:44:21] [main/INFO]: Structure placement for `awesomedungeon:the_usine/start_pool`: { spacing: 50, separation: 25, salt: 1694767078, useValueFromConfiguration: true}
[20:44:21] [main/INFO]: Structure placement for `awesomedungeon:t_z_tower/start_pool`: { spacing: 50, separation: 25, salt: 1794767078, useValueFromConfiguration: true}
[20:44:21] [main/INFO]: StructureSet modified for minecraft:village : Now using custom village configuration (can be disabled in the better villages config: boolean.villages.enabled_custom_config).
[20:44:21] [main/INFO]: Structure placement for `awesomedungeon:witch_castle/start_pool`: { spacing: 50, separation: 25, salt: 1894776078, useValueFromConfiguration: true}
[20:44:22] [main/WARN]: xaerominimap:no_minimap missing from registry, but requested!
[20:44:22] [main/WARN]: xaerominimap:no_minimap_harmful missing from registry, but requested!
[20:44:22] [main/WARN]: xaerominimap:no_entity_radar missing from registry, but requested!
[20:44:22] [main/WARN]: xaerominimap:no_entity_radar_harmful missing from registry, but requested!
[20:44:22] [main/WARN]: xaerominimap:no_waypoints missing from registry, but requested!
[20:44:22] [main/WARN]: xaerominimap:no_waypoints_harmful missing from registry, but requested!
[20:44:22] [main/WARN]: xaerominimap:no_cave_maps missing from registry, but requested!
[20:44:22] [main/WARN]: xaerominimap:no_cave_maps_harmful missing from registry, but requested!
[20:44:22] [main/WARN]: xaeroworldmap:no_world_map missing from registry, but requested!
[20:44:22] [main/WARN]: xaeroworldmap:no_world_map_harmful missing from registry, but requested!
[20:44:22] [main/WARN]: xaeroworldmap:no_cave_maps missing from registry, but requested!
[20:44:22] [main/WARN]: xaeroworldmap:no_cave_maps_harmful missing from registry, but requested!
[20:44:22] [main/INFO]: [fabric-registry-sync] Loaded registry data [file 1/4]
[20:44:23] [Worker-Main-2/ERROR]: Couldn't load tag totw_modded:has_structure/aether_tower as it is missing following references: #aether:is_aether (from fabric)
[20:44:23] [Worker-Main-2/ERROR]: Couldn't load tag totw_modded:has_structure/tw_mangrove_tower as it is missing following references: twilightforest:swamp (from fabric), twilightforest:fire_swamp (from fabric)
[20:44:23] [Worker-Main-2/ERROR]: Couldn't load tag farmers_structures:is_quark_glimer_spawn as it is missing following references: quark:glimmering_weald (from fabric)
[20:44:23] [Worker-Main-2/ERROR]: Couldn't load tag totw_modded:has_structure/venus_tower as it is missing following references: ad_astra:infernal_venus_barrens (from fabric)
[20:44:23] [Worker-Main-2/ERROR]: Couldn't load tag totw_modded:has_structure/moon_tower as it is missing following references: ad_astra:lunar_wastelands (from fabric)
[20:44:23] [Worker-Main-2/ERROR]: Couldn't load tag totw_modded:has_structure/everbright_tower as it is missing following references: blue_skies:calming_skies (from fabric), blue_skies:brightlands (from fabric), blue_skies:slushlands (from fabric), blue_skies:frostbitten_forest (from fabric), blue_skies:frostbitten_forest_clearing (from fabric), blue_skies:snow_covered_pines (from fabric), blue_skies:brisk_meadow (from fabric), blue_skies:polar_highland (from fabric)
[20:44:23] [Worker-Main-2/ERROR]: Couldn't load tag totw_modded:has_structure/mars_tower as it is missing following references: ad_astra:martian_canyon_creek (from fabric), ad_astra:martian_wastelands (from fabric)
[20:44:23] [Worker-Main-2/ERROR]: Couldn't load tag totw_modded:has_structure/glacio_tower as it is missing following references: ad_astra:glacio_snowy_barrens (from fabric), ad_astra:glacio_ice_peaks (from fabric)
[20:44:23] [Worker-Main-2/ERROR]: Couldn't load tag totw_modded:has_structure/everdawn_tower as it is missing following references: blue_skies:unorthodox_valley (from fabric), blue_skies:shaded_woodlands (from fabric), blue_skies:crystal_dunes (from fabric), blue_skies:crystal_dunes_spikes (from fabric), blue_skies:sunset_maple_forest (from fabric), blue_skies:rising_creek (from fabric), blue_skies:crystal_roughs (from fabric), blue_skies:searing_grassland (from fabric), blue_skies:crescent_orchard (from fabric)
[20:44:23] [Worker-Main-2/ERROR]: Couldn't load tag totw_modded:has_structure/ratlantis_tower as it is missing following references: rats:ratlantis (from fabric)
[20:44:23] [Worker-Main-2/ERROR]: Couldn't load tag totw_modded:has_structure/tw_canopy_tower as it is missing following references: twilightforest:forest (from fabric), twilightforest:spooky_forest (from fabric), twilightforest:mushroom_forest (from fabric)
[20:44:23] [Worker-Main-2/ERROR]: Couldn't load tag totw_modded:has_structure/mercury_tower as it is missing following references: ad_astra:mercury_deltas (from fabric)
[20:44:23] [Worker-Main-1/ERROR]: Couldn't load tag c:bows as it is missing following references: too_many_bows:arcforge (from fabric)
[20:44:23] [Worker-Main-1/ERROR]: Couldn't load tag c:tools as it is missing following references: #c:bows (from fabric)
[20:44:23] [Worker-Main-2/ERROR]: Couldn't load tag supplementaries:tipped_spikes_blacklist as it is missing following references: minecraft:oozing (from fabric), minecraft:infested (from fabric)
[20:44:24] [Worker-Main-1/ERROR]: Couldn't parse element loot_tables:yuushya:blocks/painter_gift_box
com.google.gson.JsonSyntaxException: Expected name to be an item, was unknown string 'yuushya:get_lit_item'
	at net.minecraft.class_3518.method_17995(class_3518.java:145) ~[server-intermediary.jar:?]
	at java.util.Optional.orElseThrow(Optional.java:403) ~[?:?]
	at net.minecraft.class_3518.method_15256(class_3518.java:145) ~[server-intermediary.jar:?]
	at net.minecraft.class_3518.method_15288(class_3518.java:153) ~[server-intermediary.jar:?]
	at net.minecraft.class_77$class_78.method_413(class_77.java:55) ~[server-intermediary.jar:?]
	at net.minecraft.class_77$class_78.method_443(class_77.java:40) ~[server-intermediary.jar:?]
	at net.minecraft.class_85$class_90.method_441(class_85.java:151) ~[server-intermediary.jar:?]
	at net.minecraft.class_85$class_90.method_424(class_85.java:129) ~[server-intermediary.jar:?]
	at net.minecraft.class_79$class_5337.method_29319(class_79.java:86) ~[server-intermediary.jar:?]
	at net.minecraft.class_79$class_5337.method_517(class_79.java:74) ~[server-intermediary.jar:?]
	at net.minecraft.class_5330$class_5333.deserialize(class_5330.java:102) ~[server-intermediary.jar:?]
	at com.google.gson.internal.bind.TreeTypeAdapter.read(TreeTypeAdapter.java:76) ~[gson-2.10.jar:?]
	at com.google.gson.internal.bind.TypeAdapterRuntimeTypeWrapper.read(TypeAdapterRuntimeTypeWrapper.java:40) ~[gson-2.10.jar:?]
	at com.google.gson.internal.bind.ArrayTypeAdapter.read(ArrayTypeAdapter.java:72) ~[gson-2.10.jar:?]
	at com.google.gson.Gson.fromJson(Gson.java:1214) ~[gson-2.10.jar:?]
	at com.google.gson.Gson.fromJson(Gson.java:1319) ~[gson-2.10.jar:?]
	at com.google.gson.Gson.fromJson(Gson.java:1290) ~[gson-2.10.jar:?]
	at com.google.gson.internal.bind.TreeTypeAdapter$GsonContextImpl.deserialize(TreeTypeAdapter.java:179) ~[gson-2.10.jar:?]
	at net.minecraft.class_3518.method_15291(class_3518.java:463) ~[server-intermediary.jar:?]
	at net.minecraft.class_3518.method_15272(class_3518.java:471) ~[server-intermediary.jar:?]
	at net.minecraft.class_55$class_57.method_358(class_55.java:173) ~[server-intermediary.jar:?]
	at net.minecraft.class_55$class_57.deserialize(class_55.java:169) ~[server-intermediary.jar:?]
	at com.google.gson.internal.bind.TreeTypeAdapter.read(TreeTypeAdapter.java:76) ~[gson-2.10.jar:?]
	at com.google.gson.internal.bind.TypeAdapterRuntimeTypeWrapper.read(TypeAdapterRuntimeTypeWrapper.java:40) ~[gson-2.10.jar:?]
	at com.google.gson.internal.bind.ArrayTypeAdapter.read(ArrayTypeAdapter.java:72) ~[gson-2.10.jar:?]
	at com.google.gson.Gson.fromJson(Gson.java:1214) ~[gson-2.10.jar:?]
	at com.google.gson.Gson.fromJson(Gson.java:1319) ~[gson-2.10.jar:?]
	at com.google.gson.Gson.fromJson(Gson.java:1290) ~[gson-2.10.jar:?]
	at com.google.gson.internal.bind.TreeTypeAdapter$GsonContextImpl.deserialize(TreeTypeAdapter.java:179) ~[gson-2.10.jar:?]
	at net.minecraft.class_3518.method_15291(class_3518.java:463) ~[server-intermediary.jar:?]
	at net.minecraft.class_3518.method_15283(class_3518.java:481) ~[server-intermediary.jar:?]
	at net.minecraft.class_52$class_54.method_340(class_52.java:250) ~[server-intermediary.jar:?]
	at net.minecraft.class_52$class_54.deserialize(class_52.java:246) ~[server-intermediary.jar:?]
	at com.google.gson.internal.bind.TreeTypeAdapter.read(TreeTypeAdapter.java:76) ~[gson-2.10.jar:?]
	at com.google.gson.Gson.fromJson(Gson.java:1214) ~[gson-2.10.jar:?]
	at com.google.gson.Gson.fromJson(Gson.java:1319) ~[gson-2.10.jar:?]
	at com.google.gson.Gson.fromJson(Gson.java:1261) ~[gson-2.10.jar:?]
	at net.minecraft.class_8490.method_51205(class_8490.java:64) ~[server-intermediary.jar:?]
	at net.minecraft.class_8490.method_51204(class_8490.java:48) ~[server-intermediary.jar:?]
	at net.minecraft.class_60.method_51195(class_60.java:55) ~[server-intermediary.jar:?]
	at java.util.HashMap.forEach(HashMap.java:1421) ~[?:?]
	at net.minecraft.class_60.method_51189(class_60.java:55) ~[server-intermediary.jar:?]
	at java.util.concurrent.CompletableFuture$AsyncRun.run(CompletableFuture.java:1804) ~[?:?]
	at java.util.concurrent.CompletableFuture$AsyncRun.exec(CompletableFuture.java:1796) ~[?:?]
	at java.util.concurrent.ForkJoinTask.doExec(ForkJoinTask.java:373) ~[?:?]
	at java.util.concurrent.ForkJoinPool$WorkQueue.topLevelExec(ForkJoinPool.java:1182) ~[?:?]
	at java.util.concurrent.ForkJoinPool.scan(ForkJoinPool.java:1655) ~[?:?]
	at java.util.concurrent.ForkJoinPool.runWorker(ForkJoinPool.java:1622) ~[?:?]
	at java.util.concurrent.ForkJoinWorkerThread.run(ForkJoinWorkerThread.java:165) ~[?:?]
[20:44:25] [main/WARN]: Found loot table element validation problem in {loot_tables:kattersstructures:chests/jungle/disco}.pools[2].entries[0]->{kattersstructures:automaticons/all_automaticons}.pools[0].entries[4]: Unknown loot table called automaticons:mob_automaticons
[20:44:25] [main/WARN]: Found loot table element validation problem in {loot_tables:kattersstructures:chests/villager/ocean}.pools[2].entries[0]->{kattersstructures:automaticons/all_automaticons}.pools[0].entries[9]: Unknown loot table called automaticons:wood_automaticons
[20:44:25] [main/WARN]: Found loot table element validation problem in {loot_tables:kattersstructures:chests/sky/temple}.pools[1].entries[0]->{kattersstructures:automaticons/all_automaticons}.pools[0].entries[3]: Unknown loot table called automaticons:misc_automaticons
[20:44:25] [main/WARN]: Found loot table element validation problem in {loot_tables:kattersstructures:chests/villager/ocean}.pools[2].entries[0]->{kattersstructures:automaticons/all_automaticons}.pools[0].entries[1]: Unknown loot table called automaticons:flower_automaticons
[20:44:25] [main/WARN]: Found loot table element validation problem in {loot_tables:kattersstructures:chests/villager/desert}.pools[2].entries[0]->{kattersstructures:automaticons/all_automaticons}.pools[0].entries[9]: Unknown loot table called automaticons:wood_automaticons
[20:44:25] [main/WARN]: Found loot table element validation problem in {loot_tables:kattersstructures:chests/villager/mountain}.pools[2].entries[0]->{kattersstructures:automaticons/all_automaticons}.pools[0].entries[4]: Unknown loot table called automaticons:mob_automaticons
[20:44:25] [main/WARN]: Found loot table element validation problem in {loot_tables:kattersstructures:chests/pagode}.pools[1].entries[0]->{kattersstructures:automaticons/all_automaticons}.pools[0].entries[0]: Unknown loot table called automaticons:dirt_automaticons
[20:44:25] [main/WARN]: Found loot table element validation problem in {loot_tables:kattersstructures:automaticons/all_automaticons}.pools[0].entries[4]: Unknown loot table called automaticons:mob_automaticons
[20:44:25] [main/WARN]: Found loot table element validation problem in {loot_tables:kattersstructures:chests/ocean/lighthouse}.pools[1].entries[0]->{kattersstructures:automaticons/all_automaticons}.pools[0].entries[6]: Unknown loot table called automaticons:ocean_automaticons
[20:44:25] [main/WARN]: Found loot table element validation problem in {loot_tables:kattersstructures:chests/underground/treasures}.pools[1].entries[0]->{kattersstructures:automaticons/all_automaticons}.pools[0].entries[8]: Unknown loot table called automaticons:stone_automaticons
[20:44:25] [main/WARN]: Found loot table element validation problem in {loot_tables:kattersstructures:chests/swamp/big_stem}.pools[1].entries[0]->{kattersstructures:automaticons/all_automaticons}.pools[0].entries[7]: Unknown loot table called automaticons:ore_automaticons
[20:44:25] [main/WARN]: Found loot table element validation problem in {loot_tables:kattersstructures:chests/villager/desert}.pools[2].entries[0]->{kattersstructures:automaticons/all_automaticons}.pools[0].entries[1]: Unknown loot table called automaticons:flower_automaticons
[20:44:25] [main/WARN]: Found loot table element validation problem in {loot_tables:kattersstructures:chests/pagode}.pools[1].entries[0]->{kattersstructures:automaticons/all_automaticons}.pools[0].entries[8]: Unknown loot table called automaticons:stone_automaticons
[20:44:25] [main/WARN]: Found loot table element validation problem in {loot_tables:kattersstructures:chests/jungle/disco}.pools[2].entries[0]->{kattersstructures:automaticons/all_automaticons}.pools[0].entries[3]: Unknown loot table called automaticons:misc_automaticons
[20:44:25] [main/WARN]: Found loot table element validation problem in {loot_tables:kattersstructures:chests/underground/treasures}.pools[1].entries[0]->{kattersstructures:automaticons/all_automaticons}.pools[0].entries[0]: Unknown loot table called automaticons:dirt_automaticons
[20:44:25] [main/WARN]: Found loot table element validation problem in {loot_tables:kattersstructures:chests/sky/temple}.pools[1].entries[0]->{kattersstructures:automaticons/all_automaticons}.pools[0].entries[2]: Unknown loot table called automaticons:food_automaticons
[20:44:25] [main/WARN]: Found loot table element validation problem in {loot_tables:kattersstructures:chests/villager/desert}.pools[2].entries[0]->{kattersstructures:automaticons/all_automaticons}.pools[0].entries[8]: Unknown loot table called automaticons:stone_automaticons
[20:44:25] [main/WARN]: Found loot table element validation problem in {loot_tables:kattersstructures:chests/villager/ocean}.pools[2].entries[0]->{kattersstructures:automaticons/all_automaticons}.pools[0].entries[2]: Unknown loot table called automaticons:food_automaticons
[20:44:25] [main/WARN]: Found loot table element validation problem in {loot_tables:kattersstructures:chests/villager/mountain}.pools[2].entries[0]->{kattersstructures:automaticons/all_automaticons}.pools[0].entries[3]: Unknown loot table called automaticons:misc_automaticons
[20:44:25] [main/WARN]: Found loot table element validation problem in {loot_tables:kattersstructures:chests/underground/treasures}.pools[1].entries[0]->{kattersstructures:automaticons/all_automaticons}.pools[0].entries[9]: Unknown loot table called automaticons:wood_automaticons
[20:44:25] [main/WARN]: Found loot table element validation problem in {loot_tables:kattersstructures:chests/ocean/lighthouse}.pools[1].entries[0]->{kattersstructures:automaticons/all_automaticons}.pools[0].entries[7]: Unknown loot table called automaticons:ore_automaticons
[20:44:25] [main/WARN]: Found loot table element validation problem in {loot_tables:kattersstructures:chests/swamp/big_stem}.pools[1].entries[0]->{kattersstructures:automaticons/all_automaticons}.pools[0].entries[6]: Unknown loot table called automaticons:ocean_automaticons
[20:44:25] [main/WARN]: Found loot table element validation problem in {loot_tables:kattersstructures:chests/villager/desert}.pools[2].entries[0]->{kattersstructures:automaticons/all_automaticons}.pools[0].entries[0]: Unknown loot table called automaticons:dirt_automaticons
[20:44:25] [main/WARN]: Found loot table element validation problem in {loot_tables:kattersstructures:automaticons/all_automaticons}.pools[0].entries[5]: Unknown loot table called automaticons:nether_automaticons
[20:44:25] [main/WARN]: Found loot table element validation problem in {loot_tables:kattersstructures:chests/underground/treasures}.pools[1].entries[0]->{kattersstructures:automaticons/all_automaticons}.pools[0].entries[1]: Unknown loot table called automaticons:flower_automaticons
[20:44:25] [main/WARN]: Found loot table element validation problem in {loot_tables:kattersstructures:chests/pagode}.pools[1].entries[0]->{kattersstructures:automaticons/all_automaticons}.pools[0].entries[7]: Unknown loot table called automaticons:ore_automaticons
[20:44:25] [main/WARN]: Found loot table element validation problem in {loot_tables:kattersstructures:chests/sky/temple}.pools[1].entries[0]->{kattersstructures:automaticons/all_automaticons}.pools[0].entries[9]: Unknown loot table called automaticons:wood_automaticons
[20:44:25] [main/WARN]: Found loot table element validation problem in {loot_tables:kattersstructures:chests/jungle/disco}.pools[2].entries[0]->{kattersstructures:automaticons/all_automaticons}.pools[0].entries[6]: Unknown loot table called automaticons:ocean_automaticons
[20:44:25] [main/WARN]: Found loot table element validation problem in {loot_tables:kattersstructures:chests/sky/temple}.pools[1].entries[0]->{kattersstructures:automaticons/all_automaticons}.pools[0].entries[1]: Unknown loot table called automaticons:flower_automaticons
[20:44:25] [main/WARN]: Found loot table element validation problem in {loot_tables:kattersstructures:chests/villager/ocean}.pools[2].entries[0]->{kattersstructures:automaticons/all_automaticons}.pools[0].entries[3]: Unknown loot table called automaticons:misc_automaticons
[20:44:25] [main/WARN]: Found loot table element validation problem in {loot_tables:kattersstructures:chests/villager/mountain}.pools[2].entries[0]->{kattersstructures:automaticons/all_automaticons}.pools[0].entries[6]: Unknown loot table called automaticons:ocean_automaticons
[20:44:25] [main/WARN]: Found loot table element validation problem in {loot_tables:kattersstructures:chests/villager/desert}.pools[2].entries[0]->{kattersstructures:automaticons/all_automaticons}.pools[0].entries[3]: Unknown loot table called automaticons:misc_automaticons
[20:44:25] [main/WARN]: Found loot table element validation problem in {loot_tables:kattersstructures:chests/pagode}.pools[1].entries[0]->{kattersstructures:automaticons/all_automaticons}.pools[0].entries[6]: Unknown loot table called automaticons:ocean_automaticons
[20:44:25] [main/WARN]: Found loot table element validation problem in {loot_tables:kattersstructures:automaticons/all_automaticons}.pools[0].entries[6]: Unknown loot table called automaticons:ocean_automaticons
[20:44:25] [main/WARN]: Found loot table element validation problem in {loot_tables:kattersstructures:chests/ocean/lighthouse}.pools[1].entries[0]->{kattersstructures:automaticons/all_automaticons}.pools[0].entries[4]: Unknown loot table called automaticons:mob_automaticons
[20:44:25] [main/WARN]: Found loot table element validation problem in {loot_tables:kattersstructures:chests/swamp/big_stem}.pools[1].entries[0]->{kattersstructures:automaticons/all_automaticons}.pools[0].entries[5]: Unknown loot table called automaticons:nether_automaticons
[20:44:25] [main/WARN]: Found loot table element validation problem in {loot_tables:kattersstructures:chests/underground/treasures}.pools[1].entries[0]->{kattersstructures:automaticons/all_automaticons}.pools[0].entries[2]: Unknown loot table called automaticons:food_automaticons
[20:44:25] [main/WARN]: Found loot table element validation problem in {loot_tables:kattersstructures:chests/sky/temple}.pools[1].entries[0]->{kattersstructures:automaticons/all_automaticons}.pools[0].entries[8]: Unknown loot table called automaticons:stone_automaticons
[20:44:25] [main/WARN]: Found loot table element validation problem in {loot_tables:kattersstructures:chests/jungle/disco}.pools[2].entries[0]->{kattersstructures:automaticons/all_automaticons}.pools[0].entries[5]: Unknown loot table called automaticons:nether_automaticons
[20:44:25] [main/WARN]: Found loot table element validation problem in {loot_tables:kattersstructures:chests/sky/temple}.pools[1].entries[0]->{kattersstructures:automaticons/all_automaticons}.pools[0].entries[0]: Unknown loot table called automaticons:dirt_automaticons
[20:44:25] [main/WARN]: Found loot table element validation problem in {loot_tables:kattersstructures:chests/villager/ocean}.pools[2].entries[0]->{kattersstructures:automaticons/all_automaticons}.pools[0].entries[4]: Unknown loot table called automaticons:mob_automaticons
[20:44:25] [main/WARN]: Found loot table element validation problem in {loot_tables:kattersstructures:chests/villager/mountain}.pools[2].entries[0]->{kattersstructures:automaticons/all_automaticons}.pools[0].entries[5]: Unknown loot table called automaticons:nether_automaticons
[20:44:25] [main/WARN]: Found loot table element validation problem in {loot_tables:kattersstructures:chests/villager/desert}.pools[2].entries[0]->{kattersstructures:automaticons/all_automaticons}.pools[0].entries[2]: Unknown loot table called automaticons:food_automaticons
[20:44:25] [main/WARN]: Found loot table element validation problem in {loot_tables:kattersstructures:chests/pagode}.pools[1].entries[0]->{kattersstructures:automaticons/all_automaticons}.pools[0].entries[5]: Unknown loot table called automaticons:nether_automaticons
[20:44:25] [main/WARN]: Found loot table element validation problem in {loot_tables:kattersstructures:chests/ocean/lighthouse}.pools[1].entries[0]->{kattersstructures:automaticons/all_automaticons}.pools[0].entries[5]: Unknown loot table called automaticons:nether_automaticons
[20:44:25] [main/WARN]: Found loot table element validation problem in {loot_tables:kattersstructures:chests/swamp/big_stem}.pools[1].entries[0]->{kattersstructures:automaticons/all_automaticons}.pools[0].entries[4]: Unknown loot table called automaticons:mob_automaticons
[20:44:25] [main/WARN]: Found loot table element validation problem in {loot_tables:kattersstructures:chests/underground/treasures}.pools[1].entries[0]->{kattersstructures:automaticons/all_automaticons}.pools[0].entries[3]: Unknown loot table called automaticons:misc_automaticons
[20:44:25] [main/WARN]: Found loot table element validation problem in {loot_tables:kattersstructures:automaticons/all_automaticons}.pools[0].entries[7]: Unknown loot table called automaticons:ore_automaticons
[20:44:25] [main/WARN]: Found loot table element validation problem in {loot_tables:kattersstructures:chests/jungle/disco}.pools[2].entries[0]->{kattersstructures:automaticons/all_automaticons}.pools[0].entries[0]: Unknown loot table called automaticons:dirt_automaticons
[20:44:25] [main/WARN]: Found loot table element validation problem in {loot_tables:kattersstructures:chests/sky/temple}.pools[1].entries[0]->{kattersstructures:automaticons/all_automaticons}.pools[0].entries[7]: Unknown loot table called automaticons:ore_automaticons
[20:44:25] [main/WARN]: Found loot table element validation problem in {loot_tables:kattersstructures:chests/villager/ocean}.pools[2].entries[0]->{kattersstructures:automaticons/all_automaticons}.pools[0].entries[5]: Unknown loot table called automaticons:nether_automaticons
[20:44:25] [main/WARN]: Found loot table element validation problem in {loot_tables:kattersstructures:chests/villager/mountain}.pools[2].entries[0]->{kattersstructures:automaticons/all_automaticons}.pools[0].entries[8]: Unknown loot table called automaticons:stone_automaticons
[20:44:25] [main/WARN]: Found loot table element validation problem in {loot_tables:kattersstructures:automaticons/all_automaticons}.pools[0].entries[0]: Unknown loot table called automaticons:dirt_automaticons
[20:44:25] [main/WARN]: Found loot table element validation problem in {loot_tables:kattersstructures:chests/ocean/lighthouse}.pools[1].entries[0]->{kattersstructures:automaticons/all_automaticons}.pools[0].entries[2]: Unknown loot table called automaticons:food_automaticons
[20:44:25] [main/WARN]: Found loot table element validation problem in {loot_tables:kattersstructures:chests/villager/desert}.pools[2].entries[0]->{kattersstructures:automaticons/all_automaticons}.pools[0].entries[5]: Unknown loot table called automaticons:nether_automaticons
[20:44:25] [main/WARN]: Found loot table element validation problem in {loot_tables:kattersstructures:chests/pagode}.pools[1].entries[0]->{kattersstructures:automaticons/all_automaticons}.pools[0].entries[4]: Unknown loot table called automaticons:mob_automaticons
[20:44:25] [main/WARN]: Found loot table element validation problem in {loot_tables:kattersstructures:chests/jungle/disco}.pools[2].entries[0]->{kattersstructures:automaticons/all_automaticons}.pools[0].entries[9]: Unknown loot table called automaticons:wood_automaticons
[20:44:25] [main/WARN]: Found loot table element validation problem in {loot_tables:kattersstructures:automaticons/all_automaticons}.pools[0].entries[8]: Unknown loot table called automaticons:stone_automaticons
[20:44:25] [main/WARN]: Found loot table element validation problem in {loot_tables:kattersstructures:chests/underground/treasures}.pools[1].entries[0]->{kattersstructures:automaticons/all_automaticons}.pools[0].entries[4]: Unknown loot table called automaticons:mob_automaticons
[20:44:25] [main/WARN]: Found loot table element validation problem in {loot_tables:kattersstructures:chests/swamp/big_stem}.pools[1].entries[0]->{kattersstructures:automaticons/all_automaticons}.pools[0].entries[3]: Unknown loot table called automaticons:misc_automaticons
[20:44:25] [main/WARN]: Found loot table element validation problem in {loot_tables:kattersstructures:chests/jungle/disco}.pools[2].entries[0]->{kattersstructures:automaticons/all_automaticons}.pools[0].entries[7]: Unknown loot table called automaticons:ore_automaticons
[20:44:25] [main/WARN]: Found loot table element validation problem in {loot_tables:kattersstructures:chests/sky/temple}.pools[1].entries[0]->{kattersstructures:automaticons/all_automaticons}.pools[0].entries[6]: Unknown loot table called automaticons:ocean_automaticons
[20:44:25] [main/WARN]: Found loot table element validation problem in {loot_tables:kattersstructures:chests/villager/ocean}.pools[2].entries[0]->{kattersstructures:automaticons/all_automaticons}.pools[0].entries[6]: Unknown loot table called automaticons:ocean_automaticons
[20:44:25] [main/WARN]: Found loot table element validation problem in {loot_tables:kattersstructures:chests/villager/mountain}.pools[2].entries[0]->{kattersstructures:automaticons/all_automaticons}.pools[0].entries[7]: Unknown loot table called automaticons:ore_automaticons
[20:44:25] [main/WARN]: Found loot table element validation problem in {loot_tables:kattersstructures:chests/ocean/lighthouse}.pools[1].entries[0]->{kattersstructures:automaticons/all_automaticons}.pools[0].entries[3]: Unknown loot table called automaticons:misc_automaticons
[20:44:25] [main/WARN]: Found loot table element validation problem in {loot_tables:kattersstructures:chests/villager/desert}.pools[2].entries[0]->{kattersstructures:automaticons/all_automaticons}.pools[0].entries[4]: Unknown loot table called automaticons:mob_automaticons
[20:44:25] [main/WARN]: Found loot table element validation problem in {loot_tables:kattersstructures:automaticons/all_automaticons}.pools[0].entries[1]: Unknown loot table called automaticons:flower_automaticons
[20:44:25] [main/WARN]: Found loot table element validation problem in {loot_tables:kattersstructures:chests/jungle/disco}.pools[2].entries[0]->{kattersstructures:automaticons/all_automaticons}.pools[0].entries[8]: Unknown loot table called automaticons:stone_automaticons
[20:44:25] [main/WARN]: Found loot table element validation problem in {loot_tables:kattersstructures:chests/underground/treasures}.pools[1].entries[0]->{kattersstructures:automaticons/all_automaticons}.pools[0].entries[5]: Unknown loot table called automaticons:nether_automaticons
[20:44:25] [main/WARN]: Found loot table element validation problem in {loot_tables:kattersstructures:chests/pagode}.pools[1].entries[0]->{kattersstructures:automaticons/all_automaticons}.pools[0].entries[3]: Unknown loot table called automaticons:misc_automaticons
[20:44:25] [main/WARN]: Found loot table element validation problem in {loot_tables:kattersstructures:chests/swamp/big_stem}.pools[1].entries[0]->{kattersstructures:automaticons/all_automaticons}.pools[0].entries[2]: Unknown loot table called automaticons:food_automaticons
[20:44:25] [main/WARN]: Found loot table element validation problem in {loot_tables:kattersstructures:automaticons/all_automaticons}.pools[0].entries[9]: Unknown loot table called automaticons:wood_automaticons
[20:44:25] [main/WARN]: Found loot table element validation problem in {loot_tables:kattersstructures:chests/jungle/disco}.pools[2].entries[0]->{kattersstructures:automaticons/all_automaticons}.pools[0].entries[2]: Unknown loot table called automaticons:food_automaticons
[20:44:25] [main/WARN]: Found loot table element validation problem in {loot_tables:kattersstructures:chests/sky/temple}.pools[1].entries[0]->{kattersstructures:automaticons/all_automaticons}.pools[0].entries[5]: Unknown loot table called automaticons:nether_automaticons
[20:44:25] [main/WARN]: Found loot table element validation problem in {loot_tables:kattersstructures:chests/swamp/big_stem}.pools[1].entries[0]->{kattersstructures:automaticons/all_automaticons}.pools[0].entries[9]: Unknown loot table called automaticons:wood_automaticons
[20:44:25] [main/WARN]: Found loot table element validation problem in {loot_tables:kattersstructures:chests/villager/mountain}.pools[2].entries[0]->{kattersstructures:automaticons/all_automaticons}.pools[0].entries[1]: Unknown loot table called automaticons:flower_automaticons
[20:44:25] [main/WARN]: Found loot table element validation problem in {loot_tables:kattersstructures:chests/villager/ocean}.pools[2].entries[0]->{kattersstructures:automaticons/all_automaticons}.pools[0].entries[7]: Unknown loot table called automaticons:ore_automaticons
[20:44:25] [main/WARN]: Found loot table element validation problem in {loot_tables:kattersstructures:chests/villager/desert}.pools[2].entries[0]->{kattersstructures:automaticons/all_automaticons}.pools[0].entries[7]: Unknown loot table called automaticons:ore_automaticons
[20:44:25] [main/WARN]: Found loot table element validation problem in {loot_tables:kattersstructures:chests/pagode}.pools[1].entries[0]->{kattersstructures:automaticons/all_automaticons}.pools[0].entries[2]: Unknown loot table called automaticons:food_automaticons
[20:44:25] [main/WARN]: Found loot table element validation problem in {loot_tables:kattersstructures:automaticons/all_automaticons}.pools[0].entries[2]: Unknown loot table called automaticons:food_automaticons
[20:44:25] [main/WARN]: Found loot table element validation problem in {loot_tables:kattersstructures:chests/ocean/lighthouse}.pools[1].entries[0]->{kattersstructures:automaticons/all_automaticons}.pools[0].entries[0]: Unknown loot table called automaticons:dirt_automaticons
[20:44:25] [main/WARN]: Found loot table element validation problem in {loot_tables:kattersstructures:chests/villager/mountain}.pools[2].entries[0]->{kattersstructures:automaticons/all_automaticons}.pools[0].entries[2]: Unknown loot table called automaticons:food_automaticons
[20:44:25] [main/WARN]: Found loot table element validation problem in {loot_tables:kattersstructures:chests/underground/treasures}.pools[1].entries[0]->{kattersstructures:automaticons/all_automaticons}.pools[0].entries[6]: Unknown loot table called automaticons:ocean_automaticons
[20:44:25] [main/WARN]: Found loot table element validation problem in {loot_tables:kattersstructures:chests/ocean/lighthouse}.pools[1].entries[0]->{kattersstructures:automaticons/all_automaticons}.pools[0].entries[8]: Unknown loot table called automaticons:stone_automaticons
[20:44:25] [main/WARN]: Found loot table element validation problem in {loot_tables:kattersstructures:chests/swamp/big_stem}.pools[1].entries[0]->{kattersstructures:automaticons/all_automaticons}.pools[0].entries[1]: Unknown loot table called automaticons:flower_automaticons
[20:44:25] [main/WARN]: Found loot table element validation problem in {loot_tables:kattersstructures:chests/jungle/disco}.pools[2].entries[0]->{kattersstructures:automaticons/all_automaticons}.pools[0].entries[1]: Unknown loot table called automaticons:flower_automaticons
[20:44:25] [main/WARN]: Found loot table element validation problem in {loot_tables:kattersstructures:chests/sky/temple}.pools[1].entries[0]->{kattersstructures:automaticons/all_automaticons}.pools[0].entries[4]: Unknown loot table called automaticons:mob_automaticons
[20:44:25] [main/WARN]: Found loot table element validation problem in {loot_tables:kattersstructures:chests/swamp/big_stem}.pools[1].entries[0]->{kattersstructures:automaticons/all_automaticons}.pools[0].entries[8]: Unknown loot table called automaticons:stone_automaticons
[20:44:25] [main/WARN]: Found loot table element validation problem in {loot_tables:kattersstructures:chests/villager/mountain}.pools[2].entries[0]->{kattersstructures:automaticons/all_automaticons}.pools[0].entries[0]: Unknown loot table called automaticons:dirt_automaticons
[20:44:25] [main/WARN]: Found loot table element validation problem in {loot_tables:kattersstructures:chests/villager/ocean}.pools[2].entries[0]->{kattersstructures:automaticons/all_automaticons}.pools[0].entries[8]: Unknown loot table called automaticons:stone_automaticons
[20:44:25] [main/WARN]: Found loot table element validation problem in {loot_tables:kattersstructures:chests/villager/mountain}.pools[2].entries[0]->{kattersstructures:automaticons/all_automaticons}.pools[0].entries[9]: Unknown loot table called automaticons:wood_automaticons
[20:44:25] [main/WARN]: Found loot table element validation problem in {loot_tables:kattersstructures:chests/villager/desert}.pools[2].entries[0]->{kattersstructures:automaticons/all_automaticons}.pools[0].entries[6]: Unknown loot table called automaticons:ocean_automaticons
[20:44:25] [main/WARN]: Found loot table element validation problem in {loot_tables:kattersstructures:chests/villager/ocean}.pools[2].entries[0]->{kattersstructures:automaticons/all_automaticons}.pools[0].entries[0]: Unknown loot table called automaticons:dirt_automaticons
[20:44:25] [main/WARN]: Found loot table element validation problem in {loot_tables:kattersstructures:chests/pagode}.pools[1].entries[0]->{kattersstructures:automaticons/all_automaticons}.pools[0].entries[1]: Unknown loot table called automaticons:flower_automaticons
[20:44:25] [main/WARN]: Found loot table element validation problem in {loot_tables:kattersstructures:chests/ocean/lighthouse}.pools[1].entries[0]->{kattersstructures:automaticons/all_automaticons}.pools[0].entries[1]: Unknown loot table called automaticons:flower_automaticons
[20:44:25] [main/WARN]: Found loot table element validation problem in {loot_tables:kattersstructures:chests/underground/treasures}.pools[1].entries[0]->{kattersstructures:automaticons/all_automaticons}.pools[0].entries[7]: Unknown loot table called automaticons:ore_automaticons
[20:44:25] [main/WARN]: Found loot table element validation problem in {loot_tables:kattersstructures:automaticons/all_automaticons}.pools[0].entries[3]: Unknown loot table called automaticons:misc_automaticons
[20:44:25] [main/WARN]: Found loot table element validation problem in {loot_tables:kattersstructures:chests/pagode}.pools[1].entries[0]->{kattersstructures:automaticons/all_automaticons}.pools[0].entries[9]: Unknown loot table called automaticons:wood_automaticons
[20:44:25] [main/WARN]: Found loot table element validation problem in {loot_tables:kattersstructures:chests/ocean/lighthouse}.pools[1].entries[0]->{kattersstructures:automaticons/all_automaticons}.pools[0].entries[9]: Unknown loot table called automaticons:wood_automaticons
[20:44:25] [main/WARN]: Found loot table element validation problem in {loot_tables:kattersstructures:chests/swamp/big_stem}.pools[1].entries[0]->{kattersstructures:automaticons/all_automaticons}.pools[0].entries[0]: Unknown loot table called automaticons:dirt_automaticons
[20:44:31] [main/ERROR]: Parsing error loading recipe supplementaries:integration/lapis_bricks_fd
com.google.gson.JsonParseException: An ingredient entry needs either a tag or an item
	at net.minecraft.class_1856.method_8107(class_1856.java:167) ~[server-intermediary.jar:?]
	at net.minecraft.class_1856.method_8102(class_1856.java:143) ~[server-intermediary.jar:?]
	at net.minecraft.class_1856.method_52177(class_1856.java:135) ~[server-intermediary.jar:?]
	at vectorwing.farmersdelight.common.crafting.CuttingBoardRecipe$Serializer.fromJson(CuttingBoardRecipe.java:176) ~[FarmersDelight-1.20.1-2.3.0+refabricated.jar:?]
	at vectorwing.farmersdelight.common.crafting.CuttingBoardRecipe$Serializer.method_8121(CuttingBoardRecipe.java:166) ~[FarmersDelight-1.20.1-2.3.0+refabricated.jar:?]
	at net.minecraft.class_1863.method_17720(class_1863.java:135) ~[server-intermediary.jar:?]
	at net.minecraft.class_1863.method_20705(class_1863.java:56) ~[server-intermediary.jar:?]
	at net.minecraft.class_1863.method_18788(class_1863.java:35) ~[server-intermediary.jar:?]
	at net.minecraft.class_4080.method_18790(class_4080.java:13) ~[server-intermediary.jar:?]
	at java.util.concurrent.CompletableFuture$UniAccept.tryFire(CompletableFuture.java:718) ~[?:?]
	at java.util.concurrent.CompletableFuture$Completion.run(CompletableFuture.java:482) ~[?:?]
	at net.minecraft.class_4014.method_18365(class_4014.java:69) ~[server-intermediary.jar:?]
	at net.minecraft.class_156.method_43498(class_156.java:950) ~[server-intermediary.jar:?]
	at net.minecraft.class_156.method_43499(class_156.java:938) ~[server-intermediary.jar:?]
	at net.minecraft.server.Main.main(Main.java:160) ~[server-intermediary.jar:?]
	at net.fabricmc.loader.impl.game.minecraft.MinecraftGameProvider.launch(MinecraftGameProvider.java:480) ~[fabric-loader-0.16.11.jar:?]
	at net.fabricmc.loader.impl.launch.knot.Knot.launch(Knot.java:74) ~[fabric-loader-0.16.11.jar:?]
	at net.fabricmc.loader.impl.launch.knot.KnotServer.main(KnotServer.java:23) ~[fabric-loader-0.16.11.jar:?]
	at net.fabricmc.loader.impl.launch.server.FabricServerLauncher.main(FabricServerLauncher.java:69) ~[fabric-loader-0.16.11.jar:?]
	at net.fabricmc.installer.ServerLauncher.main(ServerLauncher.java:69) ~[fabric-server-launch.jar:1.0.1]
[20:44:31] [main/ERROR]: Parsing error loading recipe lilis_lucky_lures:fish_trap/lionfish
com.google.gson.JsonSyntaxException: Invalid or unsupported recipe type 'lilis_lucky_lures:fish_trap'
	at net.minecraft.class_1863.method_17875(class_1863.java:134) ~[server-intermediary.jar:?]
	at java.util.Optional.orElseThrow(Optional.java:403) ~[?:?]
	at net.minecraft.class_1863.method_17720(class_1863.java:134) ~[server-intermediary.jar:?]
	at net.minecraft.class_1863.method_20705(class_1863.java:56) ~[server-intermediary.jar:?]
	at net.minecraft.class_1863.method_18788(class_1863.java:35) ~[server-intermediary.jar:?]
	at net.minecraft.class_4080.method_18790(class_4080.java:13) ~[server-intermediary.jar:?]
	at java.util.concurrent.CompletableFuture$UniAccept.tryFire(CompletableFuture.java:718) ~[?:?]
	at java.util.concurrent.CompletableFuture$Completion.run(CompletableFuture.java:482) ~[?:?]
	at net.minecraft.class_4014.method_18365(class_4014.java:69) ~[server-intermediary.jar:?]
	at net.minecraft.class_156.method_43498(class_156.java:950) ~[server-intermediary.jar:?]
	at net.minecraft.class_156.method_43499(class_156.java:938) ~[server-intermediary.jar:?]
	at net.minecraft.server.Main.main(Main.java:160) ~[server-intermediary.jar:?]
	at net.fabricmc.loader.impl.game.minecraft.MinecraftGameProvider.launch(MinecraftGameProvider.java:480) ~[fabric-loader-0.16.11.jar:?]
	at net.fabricmc.loader.impl.launch.knot.Knot.launch(Knot.java:74) ~[fabric-loader-0.16.11.jar:?]
	at net.fabricmc.loader.impl.launch.knot.KnotServer.main(KnotServer.java:23) ~[fabric-loader-0.16.11.jar:?]
	at net.fabricmc.loader.impl.launch.server.FabricServerLauncher.main(FabricServerLauncher.java:69) ~[fabric-loader-0.16.11.jar:?]
	at net.fabricmc.installer.ServerLauncher.main(ServerLauncher.java:69) ~[fabric-server-launch.jar:1.0.1]
[20:44:31] [main/ERROR]: Parsing error loading recipe lilis_lucky_lures:fish_trap/moray_eel
com.google.gson.JsonSyntaxException: Invalid or unsupported recipe type 'lilis_lucky_lures:fish_trap'
	at net.minecraft.class_1863.method_17875(class_1863.java:134) ~[server-intermediary.jar:?]
	at java.util.Optional.orElseThrow(Optional.java:403) ~[?:?]
	at net.minecraft.class_1863.method_17720(class_1863.java:134) ~[server-intermediary.jar:?]
	at net.minecraft.class_1863.method_20705(class_1863.java:56) ~[server-intermediary.jar:?]
	at net.minecraft.class_1863.method_18788(class_1863.java:35) ~[server-intermediary.jar:?]
	at net.minecraft.class_4080.method_18790(class_4080.java:13) ~[server-intermediary.jar:?]
	at java.util.concurrent.CompletableFuture$UniAccept.tryFire(CompletableFuture.java:718) ~[?:?]
	at java.util.concurrent.CompletableFuture$Completion.run(CompletableFuture.java:482) ~[?:?]
	at net.minecraft.class_4014.method_18365(class_4014.java:69) ~[server-intermediary.jar:?]
	at net.minecraft.class_156.method_43498(class_156.java:950) ~[server-intermediary.jar:?]
	at net.minecraft.class_156.method_43499(class_156.java:938) ~[server-intermediary.jar:?]
	at net.minecraft.server.Main.main(Main.java:160) ~[server-intermediary.jar:?]
	at net.fabricmc.loader.impl.game.minecraft.MinecraftGameProvider.launch(MinecraftGameProvider.java:480) ~[fabric-loader-0.16.11.jar:?]
	at net.fabricmc.loader.impl.launch.knot.Knot.launch(Knot.java:74) ~[fabric-loader-0.16.11.jar:?]
	at net.fabricmc.loader.impl.launch.knot.KnotServer.main(KnotServer.java:23) ~[fabric-loader-0.16.11.jar:?]
	at net.fabricmc.loader.impl.launch.server.FabricServerLauncher.main(FabricServerLauncher.java:69) ~[fabric-loader-0.16.11.jar:?]
	at net.fabricmc.installer.ServerLauncher.main(ServerLauncher.java:69) ~[fabric-server-launch.jar:1.0.1]
[20:44:31] [main/ERROR]: Parsing error loading recipe yuushya:painter_gift_box
com.google.gson.JsonSyntaxException: Unknown item 'yuushya:the_encyclopedia'
	at net.minecraft.class_1869.method_17878(class_1869.java:272) ~[server-intermediary.jar:?]
	at java.util.Optional.orElseThrow(Optional.java:403) ~[?:?]
	at net.minecraft.class_1869.method_8155(class_1869.java:272) ~[server-intermediary.jar:?]
	at net.minecraft.class_1856.method_8107(class_1856.java:160) ~[server-intermediary.jar:?]
	at net.minecraft.class_1856.method_8102(class_1856.java:143) ~[server-intermediary.jar:?]
	at net.minecraft.class_1869.method_8157(class_1869.java:252) ~[server-intermediary.jar:?]
	at net.minecraft.class_1869$class_1870.method_8164(class_1869.java:285) ~[server-intermediary.jar:?]
	at net.minecraft.class_1869$class_1870.method_8121(class_1869.java:279) ~[server-intermediary.jar:?]
	at net.minecraft.class_1863.method_17720(class_1863.java:135) ~[server-intermediary.jar:?]
	at net.minecraft.class_1863.method_20705(class_1863.java:56) ~[server-intermediary.jar:?]
	at net.minecraft.class_1863.method_18788(class_1863.java:35) ~[server-intermediary.jar:?]
	at net.minecraft.class_4080.method_18790(class_4080.java:13) ~[server-intermediary.jar:?]
	at java.util.concurrent.CompletableFuture$UniAccept.tryFire(CompletableFuture.java:718) ~[?:?]
	at java.util.concurrent.CompletableFuture$Completion.run(CompletableFuture.java:482) ~[?:?]
	at net.minecraft.class_4014.method_18365(class_4014.java:69) ~[server-intermediary.jar:?]
	at net.minecraft.class_156.method_43498(class_156.java:950) ~[server-intermediary.jar:?]
	at net.minecraft.class_156.method_43499(class_156.java:938) ~[server-intermediary.jar:?]
	at net.minecraft.server.Main.main(Main.java:160) ~[server-intermediary.jar:?]
	at net.fabricmc.loader.impl.game.minecraft.MinecraftGameProvider.launch(MinecraftGameProvider.java:480) ~[fabric-loader-0.16.11.jar:?]
	at net.fabricmc.loader.impl.launch.knot.Knot.launch(Knot.java:74) ~[fabric-loader-0.16.11.jar:?]
	at net.fabricmc.loader.impl.launch.knot.KnotServer.main(KnotServer.java:23) ~[fabric-loader-0.16.11.jar:?]
	at net.fabricmc.loader.impl.launch.server.FabricServerLauncher.main(FabricServerLauncher.java:69) ~[fabric-loader-0.16.11.jar:?]
	at net.fabricmc.installer.ServerLauncher.main(ServerLauncher.java:69) ~[fabric-server-launch.jar:1.0.1]
[20:44:31] [main/ERROR]: Parsing error loading recipe lilis_lucky_lures:fish_trap/triggerfish
com.google.gson.JsonSyntaxException: Invalid or unsupported recipe type 'lilis_lucky_lures:fish_trap'
	at net.minecraft.class_1863.method_17875(class_1863.java:134) ~[server-intermediary.jar:?]
	at java.util.Optional.orElseThrow(Optional.java:403) ~[?:?]
	at net.minecraft.class_1863.method_17720(class_1863.java:134) ~[server-intermediary.jar:?]
	at net.minecraft.class_1863.method_20705(class_1863.java:56) ~[server-intermediary.jar:?]
	at net.minecraft.class_1863.method_18788(class_1863.java:35) ~[server-intermediary.jar:?]
	at net.minecraft.class_4080.method_18790(class_4080.java:13) ~[server-intermediary.jar:?]
	at java.util.concurrent.CompletableFuture$UniAccept.tryFire(CompletableFuture.java:718) ~[?:?]
	at java.util.concurrent.CompletableFuture$Completion.run(CompletableFuture.java:482) ~[?:?]
	at net.minecraft.class_4014.method_18365(class_4014.java:69) ~[server-intermediary.jar:?]
	at net.minecraft.class_156.method_43498(class_156.java:950) ~[server-intermediary.jar:?]
	at net.minecraft.class_156.method_43499(class_156.java:938) ~[server-intermediary.jar:?]
	at net.minecraft.server.Main.main(Main.java:160) ~[server-intermediary.jar:?]
	at net.fabricmc.loader.impl.game.minecraft.MinecraftGameProvider.launch(MinecraftGameProvider.java:480) ~[fabric-loader-0.16.11.jar:?]
	at net.fabricmc.loader.impl.launch.knot.Knot.launch(Knot.java:74) ~[fabric-loader-0.16.11.jar:?]
	at net.fabricmc.loader.impl.launch.knot.KnotServer.main(KnotServer.java:23) ~[fabric-loader-0.16.11.jar:?]
	at net.fabricmc.loader.impl.launch.server.FabricServerLauncher.main(FabricServerLauncher.java:69) ~[fabric-loader-0.16.11.jar:?]
	at net.fabricmc.installer.ServerLauncher.main(ServerLauncher.java:69) ~[fabric-server-launch.jar:1.0.1]
[20:44:31] [main/ERROR]: Parsing error loading recipe lilis_lucky_lures:fish_trap/needlefish
com.google.gson.JsonSyntaxException: Invalid or unsupported recipe type 'lilis_lucky_lures:fish_trap'
	at net.minecraft.class_1863.method_17875(class_1863.java:134) ~[server-intermediary.jar:?]
	at java.util.Optional.orElseThrow(Optional.java:403) ~[?:?]
	at net.minecraft.class_1863.method_17720(class_1863.java:134) ~[server-intermediary.jar:?]
	at net.minecraft.class_1863.method_20705(class_1863.java:56) ~[server-intermediary.jar:?]
	at net.minecraft.class_1863.method_18788(class_1863.java:35) ~[server-intermediary.jar:?]
	at net.minecraft.class_4080.method_18790(class_4080.java:13) ~[server-intermediary.jar:?]
	at java.util.concurrent.CompletableFuture$UniAccept.tryFire(CompletableFuture.java:718) ~[?:?]
	at java.util.concurrent.CompletableFuture$Completion.run(CompletableFuture.java:482) ~[?:?]
	at net.minecraft.class_4014.method_18365(class_4014.java:69) ~[server-intermediary.jar:?]
	at net.minecraft.class_156.method_43498(class_156.java:950) ~[server-intermediary.jar:?]
	at net.minecraft.class_156.method_43499(class_156.java:938) ~[server-intermediary.jar:?]
	at net.minecraft.server.Main.main(Main.java:160) ~[server-intermediary.jar:?]
	at net.fabricmc.loader.impl.game.minecraft.MinecraftGameProvider.launch(MinecraftGameProvider.java:480) ~[fabric-loader-0.16.11.jar:?]
	at net.fabricmc.loader.impl.launch.knot.Knot.launch(Knot.java:74) ~[fabric-loader-0.16.11.jar:?]
	at net.fabricmc.loader.impl.launch.knot.KnotServer.main(KnotServer.java:23) ~[fabric-loader-0.16.11.jar:?]
	at net.fabricmc.loader.impl.launch.server.FabricServerLauncher.main(FabricServerLauncher.java:69) ~[fabric-loader-0.16.11.jar:?]
	at net.fabricmc.installer.ServerLauncher.main(ServerLauncher.java:69) ~[fabric-server-launch.jar:1.0.1]
[20:44:31] [main/ERROR]: Parsing error loading recipe lilis_lucky_lures:fish_trap/parrotfish
com.google.gson.JsonSyntaxException: Invalid or unsupported recipe type 'lilis_lucky_lures:fish_trap'
	at net.minecraft.class_1863.method_17875(class_1863.java:134) ~[server-intermediary.jar:?]
	at java.util.Optional.orElseThrow(Optional.java:403) ~[?:?]
	at net.minecraft.class_1863.method_17720(class_1863.java:134) ~[server-intermediary.jar:?]
	at net.minecraft.class_1863.method_20705(class_1863.java:56) ~[server-intermediary.jar:?]
	at net.minecraft.class_1863.method_18788(class_1863.java:35) ~[server-intermediary.jar:?]
	at net.minecraft.class_4080.method_18790(class_4080.java:13) ~[server-intermediary.jar:?]
	at java.util.concurrent.CompletableFuture$UniAccept.tryFire(CompletableFuture.java:718) ~[?:?]
	at java.util.concurrent.CompletableFuture$Completion.run(CompletableFuture.java:482) ~[?:?]
	at net.minecraft.class_4014.method_18365(class_4014.java:69) ~[server-intermediary.jar:?]
	at net.minecraft.class_156.method_43498(class_156.java:950) ~[server-intermediary.jar:?]
	at net.minecraft.class_156.method_43499(class_156.java:938) ~[server-intermediary.jar:?]
	at net.minecraft.server.Main.main(Main.java:160) ~[server-intermediary.jar:?]
	at net.fabricmc.loader.impl.game.minecraft.MinecraftGameProvider.launch(MinecraftGameProvider.java:480) ~[fabric-loader-0.16.11.jar:?]
	at net.fabricmc.loader.impl.launch.knot.Knot.launch(Knot.java:74) ~[fabric-loader-0.16.11.jar:?]
	at net.fabricmc.loader.impl.launch.knot.KnotServer.main(KnotServer.java:23) ~[fabric-loader-0.16.11.jar:?]
	at net.fabricmc.loader.impl.launch.server.FabricServerLauncher.main(FabricServerLauncher.java:69) ~[fabric-loader-0.16.11.jar:?]
	at net.fabricmc.installer.ServerLauncher.main(ServerLauncher.java:69) ~[fabric-server-launch.jar:1.0.1]
[20:44:31] [main/ERROR]: Parsing error loading recipe lilis_lucky_lures:fish_trap/carp
com.google.gson.JsonSyntaxException: Invalid or unsupported recipe type 'lilis_lucky_lures:fish_trap'
	at net.minecraft.class_1863.method_17875(class_1863.java:134) ~[server-intermediary.jar:?]
	at java.util.Optional.orElseThrow(Optional.java:403) ~[?:?]
	at net.minecraft.class_1863.method_17720(class_1863.java:134) ~[server-intermediary.jar:?]
	at net.minecraft.class_1863.method_20705(class_1863.java:56) ~[server-intermediary.jar:?]
	at net.minecraft.class_1863.method_18788(class_1863.java:35) ~[server-intermediary.jar:?]
	at net.minecraft.class_4080.method_18790(class_4080.java:13) ~[server-intermediary.jar:?]
	at java.util.concurrent.CompletableFuture$UniAccept.tryFire(CompletableFuture.java:718) ~[?:?]
	at java.util.concurrent.CompletableFuture$Completion.run(CompletableFuture.java:482) ~[?:?]
	at net.minecraft.class_4014.method_18365(class_4014.java:69) ~[server-intermediary.jar:?]
	at net.minecraft.class_156.method_43498(class_156.java:950) ~[server-intermediary.jar:?]
	at net.minecraft.class_156.method_43499(class_156.java:938) ~[server-intermediary.jar:?]
	at net.minecraft.server.Main.main(Main.java:160) ~[server-intermediary.jar:?]
	at net.fabricmc.loader.impl.game.minecraft.MinecraftGameProvider.launch(MinecraftGameProvider.java:480) ~[fabric-loader-0.16.11.jar:?]
	at net.fabricmc.loader.impl.launch.knot.Knot.launch(Knot.java:74) ~[fabric-loader-0.16.11.jar:?]
	at net.fabricmc.loader.impl.launch.knot.KnotServer.main(KnotServer.java:23) ~[fabric-loader-0.16.11.jar:?]
	at net.fabricmc.loader.impl.launch.server.FabricServerLauncher.main(FabricServerLauncher.java:69) ~[fabric-loader-0.16.11.jar:?]
	at net.fabricmc.installer.ServerLauncher.main(ServerLauncher.java:69) ~[fabric-server-launch.jar:1.0.1]
[20:44:31] [main/ERROR]: Parsing error loading recipe supplementaries:integration/ash_bricks_fd
com.google.gson.JsonParseException: An ingredient entry needs either a tag or an item
	at net.minecraft.class_1856.method_8107(class_1856.java:167) ~[server-intermediary.jar:?]
	at net.minecraft.class_1856.method_8102(class_1856.java:143) ~[server-intermediary.jar:?]
	at net.minecraft.class_1856.method_52177(class_1856.java:135) ~[server-intermediary.jar:?]
	at vectorwing.farmersdelight.common.crafting.CuttingBoardRecipe$Serializer.fromJson(CuttingBoardRecipe.java:176) ~[FarmersDelight-1.20.1-2.3.0+refabricated.jar:?]
	at vectorwing.farmersdelight.common.crafting.CuttingBoardRecipe$Serializer.method_8121(CuttingBoardRecipe.java:166) ~[FarmersDelight-1.20.1-2.3.0+refabricated.jar:?]
	at net.minecraft.class_1863.method_17720(class_1863.java:135) ~[server-intermediary.jar:?]
	at net.minecraft.class_1863.method_20705(class_1863.java:56) ~[server-intermediary.jar:?]
	at net.minecraft.class_1863.method_18788(class_1863.java:35) ~[server-intermediary.jar:?]
	at net.minecraft.class_4080.method_18790(class_4080.java:13) ~[server-intermediary.jar:?]
	at java.util.concurrent.CompletableFuture$UniAccept.tryFire(CompletableFuture.java:718) ~[?:?]
	at java.util.concurrent.CompletableFuture$Completion.run(CompletableFuture.java:482) ~[?:?]
	at net.minecraft.class_4014.method_18365(class_4014.java:69) ~[server-intermediary.jar:?]
	at net.minecraft.class_156.method_43498(class_156.java:950) ~[server-intermediary.jar:?]
	at net.minecraft.class_156.method_43499(class_156.java:938) ~[server-intermediary.jar:?]
	at net.minecraft.server.Main.main(Main.java:160) ~[server-intermediary.jar:?]
	at net.fabricmc.loader.impl.game.minecraft.MinecraftGameProvider.launch(MinecraftGameProvider.java:480) ~[fabric-loader-0.16.11.jar:?]
	at net.fabricmc.loader.impl.launch.knot.Knot.launch(Knot.java:74) ~[fabric-loader-0.16.11.jar:?]
	at net.fabricmc.loader.impl.launch.knot.KnotServer.main(KnotServer.java:23) ~[fabric-loader-0.16.11.jar:?]
	at net.fabricmc.loader.impl.launch.server.FabricServerLauncher.main(FabricServerLauncher.java:69) ~[fabric-loader-0.16.11.jar:?]
	at net.fabricmc.installer.ServerLauncher.main(ServerLauncher.java:69) ~[fabric-server-launch.jar:1.0.1]
[20:44:31] [main/INFO]: Loaded 25 recipes
[20:44:32] [main/ERROR]: Parsing error loading custom advancement overweight_farming:husbandry/peel_overweight_onion: Failed to parse 'location' field
[20:44:32] [main/ERROR]: Parsing error loading custom advancement overweight_farming:husbandry/unpeel_vegetables: Failed to parse 'location' field
[20:44:32] [main/ERROR]: Parsing error loading custom advancement mostructures:abandoned_church: Unknown type 'minecraft:alternative'
[20:44:32] [main/INFO]: Loaded 4658 advancements
[20:44:32] [main/INFO]: Loaded boss variant for: minecraft:drowned
[20:44:32] [main/INFO]: Loaded boss variant for: minecraft:iron_golem
[20:44:32] [main/INFO]: Loaded boss variant for: minecraft:snow_golem
[20:44:32] [main/INFO]: Loaded boss variant for: minecraft:zombie
[20:44:32] [main/INFO]: Loaded boss variant for: minecraft:skeleton
[20:44:32] [main/INFO]: Loaded boss variant for: minecraft:pillager
[20:44:32] [main/INFO]: Loaded boss variant for: minecraft:vex
[20:44:32] [main/INFO]: Loaded boss variant for: minecraft:evoker
[20:44:32] [main/INFO]: Loaded boss variant for: minecraft:zombie
[20:44:32] [main/INFO]: Loaded boss variant for: minecraft:vindicator
[20:44:32] [main/INFO]: Loaded boss variant for: minecraft:wither_skeleton
[20:44:32] [main/INFO]: Loaded boss variant for: minecraft:wither_skeleton
[20:44:32] [main/INFO]: Loaded boss variant for: minecraft:cave_spider
[20:44:32] [main/INFO]: Loaded boss variant for: minecraft:zombie
[20:44:32] [main/INFO]: Loaded boss variant for: minecraft:husk
[20:44:32] [main/INFO]: Loaded boss variant for: minecraft:evoker
[20:44:32] [main/INFO]: Loaded boss variant for: minecraft:wandering_trader
[20:44:32] [main/INFO]: Loaded boss variant for: minecraft:guardian
[20:44:32] [main/INFO]: Loaded boss variant for: minecraft:vindicator
[20:44:32] [main/INFO]: Loaded boss variant for: minecraft:shulker
[20:44:32] [main/INFO]: Loaded boss variant for: minecraft:zoglin
[20:44:32] [main/INFO]: Loaded boss variant for: minecraft:chicken
[20:44:32] [main/INFO]: Loaded boss variant for: minecraft:blaze
[20:44:32] [main/INFO]: Loaded boss variant for: minecraft:witch
[20:44:32] [main/INFO]: Loaded boss variant for: minecraft:phantom
[20:44:32] [main/INFO]: Loaded boss variant for: minecraft:mooshroom
[20:44:32] [main/INFO]: Loaded boss variant for: minecraft:rabbit
[20:44:32] [main/INFO]: Loaded boss variant for: minecraft:piglin_brute
[20:44:32] [main/INFO]: Loaded boss variant for: minecraft:ghast
[20:44:32] [main/INFO]: Loaded boss variant for: minecraft:stray
[20:44:32] [main/INFO]: Loading exposure lenses:
[20:44:32] [main/INFO]: Lens [exposure:spyglass, FocalRange[min=55, max=200]] added.
[20:44:32] [main/INFO]: Saved 36 Value Calculator templates to config folder
[20:44:32] [main/INFO]: Parsing loot modifiers for:lootintegrations:dungeonloot_no_overflow with loottable: minecraft:chests/simple_dungeon
[20:44:32] [main/INFO]: Reloading Spawner Rune data...
[20:44:32] [main/WARN]: Could not decode GlobalLootModifier with json id perfectplushieapi:village_plains_house_loot_rare - error: Unknown registry key in ResourceKey[minecraft:root / porting_lib:global_loot_modifier_serializers]: perfectplushieapi:add_plushie
[20:44:32] [main/WARN]: Could not decode GlobalLootModifier with json id perfectplushieapi:village_desert_house_loot - error: Unknown registry key in ResourceKey[minecraft:root / porting_lib:global_loot_modifier_serializers]: perfectplushieapi:add_plushie
[20:44:32] [main/WARN]: Could not decode GlobalLootModifier with json id perfectplushieapi:archaeology_trail_ruins_rare_loot - error: Unknown registry key in ResourceKey[minecraft:root / porting_lib:global_loot_modifier_serializers]: perfectplushieapi:add_arch_plushie
[20:44:32] [main/WARN]: Could not decode GlobalLootModifier with json id perfectplushieapi:village_tannery_loot - error: Unknown registry key in ResourceKey[minecraft:root / porting_lib:global_loot_modifier_serializers]: perfectplushieapi:add_plushie
[20:44:32] [main/WARN]: Could not decode GlobalLootModifier with json id perfectplushieapi:underwater_ruin_big_loot_rare - error: Unknown registry key in ResourceKey[minecraft:root / porting_lib:global_loot_modifier_serializers]: perfectplushieapi:add_plushie
[20:44:32] [main/WARN]: Could not decode GlobalLootModifier with json id perfectplushieapi:village_weaponsmith_loot - error: Unknown registry key in ResourceKey[minecraft:root / porting_lib:global_loot_modifier_serializers]: perfectplushieapi:add_plushie
[20:44:32] [main/WARN]: Could not decode GlobalLootModifier with json id perfectplushieapi:village_armorer_loot - error: Unknown registry key in ResourceKey[minecraft:root / porting_lib:global_loot_modifier_serializers]: perfectplushieapi:add_plushie
[20:44:32] [main/WARN]: Could not decode GlobalLootModifier with json id perfectplushieapi:village_fisher_loot_rare - error: Unknown registry key in ResourceKey[minecraft:root / porting_lib:global_loot_modifier_serializers]: perfectplushieapi:add_plushie
[20:44:32] [main/WARN]: Could not decode GlobalLootModifier with json id perfectplushieapi:archaeology_desert_pyramid_loot - error: Unknown registry key in ResourceKey[minecraft:root / porting_lib:global_loot_modifier_serializers]: perfectplushieapi:add_arch_plushie
[20:44:32] [main/WARN]: Could not decode GlobalLootModifier with json id perfectplushieapi:village_desert_house_loot_rare - error: Unknown registry key in ResourceKey[minecraft:root / porting_lib:global_loot_modifier_serializers]: perfectplushieapi:add_plushie
[20:44:32] [main/WARN]: Could not decode GlobalLootModifier with json id perfectplushieapi:village_temple_loot_rare - error: Unknown registry key in ResourceKey[minecraft:root / porting_lib:global_loot_modifier_serializers]: perfectplushieapi:add_plushie
[20:44:32] [main/WARN]: Could not decode GlobalLootModifier with json id perfectplushieapi:village_toolsmith_loot_epic - error: Unknown registry key in ResourceKey[minecraft:root / porting_lib:global_loot_modifier_serializers]: perfectplushieapi:add_plushie
[20:44:32] [main/WARN]: Could not decode GlobalLootModifier with json id perfectplushieapi:village_plains_house_loot - error: Unknown registry key in ResourceKey[minecraft:root / porting_lib:global_loot_modifier_serializers]: perfectplushieapi:add_plushie
[20:44:32] [main/WARN]: Could not decode GlobalLootModifier with json id perfectplushieapi:village_savanna_house_loot_rare - error: Unknown registry key in ResourceKey[minecraft:root / porting_lib:global_loot_modifier_serializers]: perfectplushieapi:add_plushie
[20:44:32] [main/WARN]: Could not decode GlobalLootModifier with json id perfectplushieapi:shipwreck_treasure_loot_epic - error: Unknown registry key in ResourceKey[minecraft:root / porting_lib:global_loot_modifier_serializers]: perfectplushieapi:add_plushie
[20:44:32] [main/WARN]: Could not decode GlobalLootModifier with json id perfectplushieapi:underwater_ruin_big_loot_epic - error: Unknown registry key in ResourceKey[minecraft:root / porting_lib:global_loot_modifier_serializers]: perfectplushieapi:add_plushie
[20:44:32] [main/WARN]: Could not decode GlobalLootModifier with json id perfectplushieapi:archaeology_ocean_ruin_cold_loot - error: Unknown registry key in ResourceKey[minecraft:root / porting_lib:global_loot_modifier_serializers]: perfectplushieapi:add_arch_plushie
[20:44:32] [main/WARN]: Could not decode GlobalLootModifier with json id perfectplushieapi:village_shepherd_loot_rare - error: Unknown registry key in ResourceKey[minecraft:root / porting_lib:global_loot_modifier_serializers]: perfectplushieapi:add_plushie
[20:44:32] [main/WARN]: Could not decode GlobalLootModifier with json id perfectplushieapi:village_butcher_loot - error: Unknown registry key in ResourceKey[minecraft:root / porting_lib:global_loot_modifier_serializers]: perfectplushieapi:add_plushie
[20:44:32] [main/WARN]: Could not decode GlobalLootModifier with json id perfectplushieapi:village_snowy_house_loot_rare - error: Unknown registry key in ResourceKey[minecraft:root / porting_lib:global_loot_modifier_serializers]: perfectplushieapi:add_plushie
[20:44:32] [main/WARN]: Could not decode GlobalLootModifier with json id perfectplushieapi:archaeology_ocean_ruin_warm_loot - error: Unknown registry key in ResourceKey[minecraft:root / porting_lib:global_loot_modifier_serializers]: perfectplushieapi:add_arch_plushie
[20:44:32] [main/WARN]: Could not decode GlobalLootModifier with json id perfectplushieapi:village_taiga_house_loot_rare - error: Unknown registry key in ResourceKey[minecraft:root / porting_lib:global_loot_modifier_serializers]: perfectplushieapi:add_plushie
[20:44:32] [main/WARN]: Could not decode GlobalLootModifier with json id perfectplushieapi:simple_dungeon_loot_epic - error: Unknown registry key in ResourceKey[minecraft:root / porting_lib:global_loot_modifier_serializers]: perfectplushieapi:add_plushie
[20:44:32] [main/WARN]: Could not decode GlobalLootModifier with json id perfectplushieapi:village_cartographer_loot_epic - error: Unknown registry key in ResourceKey[minecraft:root / porting_lib:global_loot_modifier_serializers]: perfectplushieapi:add_plushie
[20:44:32] [main/WARN]: Could not decode GlobalLootModifier with json id perfectplushieapi:village_taiga_house_loot_epic - error: Unknown registry key in ResourceKey[minecraft:root / porting_lib:global_loot_modifier_serializers]: perfectplushieapi:add_plushie
[20:44:32] [main/WARN]: Could not decode GlobalLootModifier with json id perfectplushieapi:village_taiga_house_loot - error: Unknown registry key in ResourceKey[minecraft:root / porting_lib:global_loot_modifier_serializers]: perfectplushieapi:add_plushie
[20:44:32] [main/WARN]: Could not decode GlobalLootModifier with json id perfectplushieapi:archaeology_desert_well_loot - error: Unknown registry key in ResourceKey[minecraft:root / porting_lib:global_loot_modifier_serializers]: perfectplushieapi:add_arch_plushie
[20:44:32] [main/WARN]: Could not decode GlobalLootModifier with json id perfectplushieapi:village_savanna_house_loot_epic - error: Unknown registry key in ResourceKey[minecraft:root / porting_lib:global_loot_modifier_serializers]: perfectplushieapi:add_plushie
[20:44:32] [main/WARN]: Could not decode GlobalLootModifier with json id perfectplushieapi:village_butcher_loot_rare - error: Unknown registry key in ResourceKey[minecraft:root / porting_lib:global_loot_modifier_serializers]: perfectplushieapi:add_plushie
[20:44:32] [main/WARN]: Could not decode GlobalLootModifier with json id perfectplushieapi:village_mason_loot - error: Unknown registry key in ResourceKey[minecraft:root / porting_lib:global_loot_modifier_serializers]: perfectplushieapi:add_plushie
[20:44:32] [main/WARN]: Could not decode GlobalLootModifier with json id perfectplushieapi:village_snowy_house_loot_epic - error: Unknown registry key in ResourceKey[minecraft:root / porting_lib:global_loot_modifier_serializers]: perfectplushieapi:add_plushie
[20:44:32] [main/WARN]: Could not decode GlobalLootModifier with json id perfectplushieapi:underwater_ruin_small_loot_rare - error: Unknown registry key in ResourceKey[minecraft:root / porting_lib:global_loot_modifier_serializers]: perfectplushieapi:add_plushie
[20:44:32] [main/WARN]: Could not decode GlobalLootModifier with json id perfectplushieapi:village_shepherd_loot - error: Unknown registry key in ResourceKey[minecraft:root / porting_lib:global_loot_modifier_serializers]: perfectplushieapi:add_plushie
[20:44:32] [main/WARN]: Could not decode GlobalLootModifier with json id perfectplushieapi:village_shepherd_loot_epic - error: Unknown registry key in ResourceKey[minecraft:root / porting_lib:global_loot_modifier_serializers]: perfectplushieapi:add_plushie
[20:44:32] [main/WARN]: Could not decode GlobalLootModifier with json id perfectplushieapi:village_toolsmith_loot_rare - error: Unknown registry key in ResourceKey[minecraft:root / porting_lib:global_loot_modifier_serializers]: perfectplushieapi:add_plushie
[20:44:32] [main/WARN]: Could not decode GlobalLootModifier with json id perfectplushieapi:simple_dungeon_loot_rare - error: Unknown registry key in ResourceKey[minecraft:root / porting_lib:global_loot_modifier_serializers]: perfectplushieapi:add_plushie
[20:44:32] [main/WARN]: Could not decode GlobalLootModifier with json id perfectplushieapi:underwater_ruin_small_loot_epic - error: Unknown registry key in ResourceKey[minecraft:root / porting_lib:global_loot_modifier_serializers]: perfectplushieapi:add_plushie
[20:44:32] [main/WARN]: Could not decode GlobalLootModifier with json id perfectplushieapi:village_weaponsmith_loot_epic - error: Unknown registry key in ResourceKey[minecraft:root / porting_lib:global_loot_modifier_serializers]: perfectplushieapi:add_plushie
[20:44:32] [main/WARN]: Could not decode GlobalLootModifier with json id perfectplushieapi:archaeology_trail_ruins_common_loot - error: Unknown registry key in ResourceKey[minecraft:root / porting_lib:global_loot_modifier_serializers]: perfectplushieapi:add_arch_plushie
[20:44:32] [main/WARN]: Could not decode GlobalLootModifier with json id perfectplushieapi:underwater_ruin_small_loot - error: Unknown registry key in ResourceKey[minecraft:root / porting_lib:global_loot_modifier_serializers]: perfectplushieapi:add_plushie
[20:44:32] [main/WARN]: Could not decode GlobalLootModifier with json id perfectplushieapi:village_mason_loot_rare - error: Unknown registry key in ResourceKey[minecraft:root / porting_lib:global_loot_modifier_serializers]: perfectplushieapi:add_plushie
[20:44:32] [main/WARN]: Could not decode GlobalLootModifier with json id perfectplushieapi:village_toolsmith_loot - error: Unknown registry key in ResourceKey[minecraft:root / porting_lib:global_loot_modifier_serializers]: perfectplushieapi:add_plushie
[20:44:32] [main/WARN]: Could not decode GlobalLootModifier with json id perfectplushieapi:village_cartographer_loot_rare - error: Unknown registry key in ResourceKey[minecraft:root / porting_lib:global_loot_modifier_serializers]: perfectplushieapi:add_plushie
[20:44:32] [main/WARN]: Could not decode GlobalLootModifier with json id perfectplushieapi:village_mason_loot_epic - error: Unknown registry key in ResourceKey[minecraft:root / porting_lib:global_loot_modifier_serializers]: perfectplushieapi:add_plushie
[20:44:32] [main/WARN]: Could not decode GlobalLootModifier with json id perfectplushieapi:village_butcher_loot_epic - error: Unknown registry key in ResourceKey[minecraft:root / porting_lib:global_loot_modifier_serializers]: perfectplushieapi:add_plushie
[20:44:32] [main/WARN]: Could not decode GlobalLootModifier with json id perfectplushieapi:village_armorer_loot_epic - error: Unknown registry key in ResourceKey[minecraft:root / porting_lib:global_loot_modifier_serializers]: perfectplushieapi:add_plushie
[20:44:32] [main/WARN]: Could not decode GlobalLootModifier with json id perfectplushieapi:village_fisher_loot - error: Unknown registry key in ResourceKey[minecraft:root / porting_lib:global_loot_modifier_serializers]: perfectplushieapi:add_plushie
[20:44:32] [main/WARN]: Could not decode GlobalLootModifier with json id perfectplushieapi:village_tannery_loot_epic - error: Unknown registry key in ResourceKey[minecraft:root / porting_lib:global_loot_modifier_serializers]: perfectplushieapi:add_plushie
[20:44:32] [main/WARN]: Could not decode GlobalLootModifier with json id perfectplushieapi:shipwreck_treasure_loot_rare - error: Unknown registry key in ResourceKey[minecraft:root / porting_lib:global_loot_modifier_serializers]: perfectplushieapi:add_plushie
[20:44:32] [main/WARN]: Could not decode GlobalLootModifier with json id perfectplushieapi:village_armorer_loot_rare - error: Unknown registry key in ResourceKey[minecraft:root / porting_lib:global_loot_modifier_serializers]: perfectplushieapi:add_plushie
[20:44:32] [main/WARN]: Could not decode GlobalLootModifier with json id perfectplushieapi:village_desert_house_loot_epic - error: Unknown registry key in ResourceKey[minecraft:root / porting_lib:global_loot_modifier_serializers]: perfectplushieapi:add_plushie
[20:44:32] [main/WARN]: Could not decode GlobalLootModifier with json id perfectplushieapi:buried_treasure_loot - error: Unknown registry key in ResourceKey[minecraft:root / porting_lib:global_loot_modifier_serializers]: perfectplushieapi:add_plushie
[20:44:32] [main/WARN]: Could not decode GlobalLootModifier with json id perfectplushieapi:village_fisher_loot_epic - error: Unknown registry key in ResourceKey[minecraft:root / porting_lib:global_loot_modifier_serializers]: perfectplushieapi:add_plushie
[20:44:32] [main/WARN]: Could not decode GlobalLootModifier with json id perfectplushieapi:village_cartographer_loot - error: Unknown registry key in ResourceKey[minecraft:root / porting_lib:global_loot_modifier_serializers]: perfectplushieapi:add_plushie
[20:44:32] [main/WARN]: Could not decode GlobalLootModifier with json id perfectplushieapi:buried_treasure_loot_epic - error: Unknown registry key in ResourceKey[minecraft:root / porting_lib:global_loot_modifier_serializers]: perfectplushieapi:add_plushie
[20:44:32] [main/WARN]: Could not decode GlobalLootModifier with json id perfectplushieapi:village_plains_house_loot_epic - error: Unknown registry key in ResourceKey[minecraft:root / porting_lib:global_loot_modifier_serializers]: perfectplushieapi:add_plushie
[20:44:32] [main/WARN]: Could not decode GlobalLootModifier with json id perfectplushieapi:village_snowy_house_loot - error: Unknown registry key in ResourceKey[minecraft:root / porting_lib:global_loot_modifier_serializers]: perfectplushieapi:add_plushie
[20:44:32] [main/WARN]: Could not decode GlobalLootModifier with json id perfectplushieapi:buried_treasure_loot_rare - error: Unknown registry key in ResourceKey[minecraft:root / porting_lib:global_loot_modifier_serializers]: perfectplushieapi:add_plushie
[20:44:32] [main/WARN]: Could not decode GlobalLootModifier with json id perfectplushieapi:shipwreck_treasure_loot - error: Unknown registry key in ResourceKey[minecraft:root / porting_lib:global_loot_modifier_serializers]: perfectplushieapi:add_plushie
[20:44:32] [main/WARN]: Could not decode GlobalLootModifier with json id perfectplushieapi:underwater_ruin_big_loot - error: Unknown registry key in ResourceKey[minecraft:root / porting_lib:global_loot_modifier_serializers]: perfectplushieapi:add_plushie
[20:44:32] [main/WARN]: Could not decode GlobalLootModifier with json id perfectplushieapi:village_weaponsmith_loot_rare - error: Unknown registry key in ResourceKey[minecraft:root / porting_lib:global_loot_modifier_serializers]: perfectplushieapi:add_plushie
[20:44:32] [main/WARN]: Could not decode GlobalLootModifier with json id perfectplushieapi:village_savanna_house_loot - error: Unknown registry key in ResourceKey[minecraft:root / porting_lib:global_loot_modifier_serializers]: perfectplushieapi:add_plushie
[20:44:32] [main/WARN]: Could not decode GlobalLootModifier with json id perfectplushieapi:simple_dungeon_loot - error: Unknown registry key in ResourceKey[minecraft:root / porting_lib:global_loot_modifier_serializers]: perfectplushieapi:add_plushie
[20:44:32] [main/WARN]: Could not decode GlobalLootModifier with json id perfectplushieapi:village_tannery_loot_rare - error: Unknown registry key in ResourceKey[minecraft:root / porting_lib:global_loot_modifier_serializers]: perfectplushieapi:add_plushie
[20:44:32] [main/WARN]: Could not decode GlobalLootModifier with json id perfectplushieapi:village_temple_loot_epic - error: Unknown registry key in ResourceKey[minecraft:root / porting_lib:global_loot_modifier_serializers]: perfectplushieapi:add_plushie
[20:44:32] [main/WARN]: Could not decode GlobalLootModifier with json id perfectplushieapi:village_temple_loot - error: Unknown registry key in ResourceKey[minecraft:root / porting_lib:global_loot_modifier_serializers]: perfectplushieapi:add_plushie
[20:44:32] [main/WARN]: Could not decode GlobalLootModifier with json id supplementaries:ash_from_burning_mobs - error: Unknown registry key in ResourceKey[minecraft:root / porting_lib:global_loot_modifier_serializers]: moonlight:add_item
[20:44:32] [main/WARN]: Could not decode GlobalLootModifier with json id supplementaries:straw_from_flax - error: Unknown registry key in ResourceKey[minecraft:root / porting_lib:global_loot_modifier_serializers]: moonlight:add_item
[20:44:32] [main/WARN]: Could not decode GlobalLootModifier with json id supplementaries:fishing_antique_ink - error: Unknown registry key in ResourceKey[minecraft:root / porting_lib:global_loot_modifier_serializers]: moonlight:add_item
[20:44:32] [main/WARN]: Could not decode GlobalLootModifier with json id supplementaries:fishing_antique_ink_treasure - error: Unknown registry key in ResourceKey[minecraft:root / porting_lib:global_loot_modifier_serializers]: moonlight:add_item
[20:44:32] [main/WARN]: Could not decode GlobalLootModifier with json id supplementaries:replace_rope - error: Unknown registry key in ResourceKey[minecraft:root / porting_lib:global_loot_modifier_serializers]: supplementaries:replace_rope
[20:44:32] [main/INFO]: Loaded 27 flute songs
[20:44:32] [main/WARN]: Not all defined tags for registry ResourceKey[minecraft:root / minecraft:worldgen/biome] are present in data pack: farmers_structures:is_quark_glimer_spawn, quark:has_fallen_jungle, totw_modded:has_structure/aether_tower, totw_modded:has_structure/everbright_tower, totw_modded:has_structure/everdawn_tower, totw_modded:has_structure/glacio_tower, totw_modded:has_structure/mars_tower, totw_modded:has_structure/mercury_tower, totw_modded:has_structure/moon_tower, totw_modded:has_structure/ratlantis_tower, totw_modded:has_structure/tw_canopy_tower, totw_modded:has_structure/tw_mangrove_tower, totw_modded:has_structure/venus_tower
[20:44:32] [main/WARN]: Not all defined tags for registry ResourceKey[minecraft:root / minecraft:block] are present in data pack: 1_splatus:spellbound/hot
[20:44:32] [main/INFO]: Applied 7 data villager trades
[20:44:32] [main/INFO]: Finished additional setup in 0 ms
[20:44:34] [main/INFO]: Initialized TerraBlender biomes for level stem minecraft:overworld
[20:44:34] [main/INFO]: Initialized TerraBlender biomes for level stem minecraft:the_nether
[20:44:34] [main/INFO]: Applied 9237 biome modifications to 237 of 237 new biomes in 276.8 ms
[20:44:34] [Server thread/INFO]: Loading server config for hangglider
[20:44:34] [Server thread/INFO]: Loading server config for illagerinvasion
[20:44:34] [Server thread/INFO]: Loading server config for leavesbegone
[20:44:34] [Server thread/INFO]: Loading server config for mutantmonsters
[20:44:34] [Server thread/INFO]: Instancing error handler class dev.isxander.debugify.mixinplugin.DebugifyErrorHandler
[20:44:34] [Server thread/INFO]: Instancing error handler class com.illusivesoulworks.polymorph.mixin.IntegratedMixinPlugin
[20:44:34] [Server thread/WARN]: Mixin apply for mod betterchunkloading failed betterchunkloading.mixins.json:ServerChunkCacheMixin from mod betterchunkloading -> net.minecraft.class_3215: org.spongepowered.asm.mixin.injection.throwables.InvalidInjectionException @At("INVOKE") on net/minecraft/class_3215::prioWaiting with priority 200 cannot inject into net/minecraft/class_3215::method_12121(IILnet/minecraft/class_2806;Z)Lnet/minecraft/class_2791; merged by me.jellysquid.mods.lithium.mixin.world.chunk_access.ServerChunkManagerMixin with priority 1000 [redirect$zme000$betterchunkloading$prioWaiting(Lnet/minecraft/class_3215;IILnet/minecraft/class_2806;Z)Ljava/util/concurrent/CompletableFuture; -> Prepare ->  -> { target: method_12121(IILnet/minecraft/class_2806;Z)Lnet/minecraft/class_2791; }]
org.spongepowered.asm.mixin.injection.throwables.InvalidInjectionException: @At("INVOKE") on net/minecraft/class_3215::prioWaiting with priority 200 cannot inject into net/minecraft/class_3215::method_12121(IILnet/minecraft/class_2806;Z)Lnet/minecraft/class_2791; merged by me.jellysquid.mods.lithium.mixin.world.chunk_access.ServerChunkManagerMixin with priority 1000 [redirect$zme000$betterchunkloading$prioWaiting(Lnet/minecraft/class_3215;IILnet/minecraft/class_2806;Z)Ljava/util/concurrent/CompletableFuture; -> Prepare ->  -> { target: method_12121(IILnet/minecraft/class_2806;Z)Lnet/minecraft/class_2791; }]
	at org.spongepowered.asm.mixin.injection.code.Injector.findTargetNodes(Injector.java:312) ~[sponge-mixin-0.15.4+mixin.0.8.7.jar:0.15.4+mixin.0.8.7]
	at org.spongepowered.asm.mixin.injection.code.Injector.find(Injector.java:248) ~[sponge-mixin-0.15.4+mixin.0.8.7.jar:0.15.4+mixin.0.8.7]
	at org.spongepowered.asm.mixin.injection.struct.InjectionInfo.prepare(InjectionInfo.java:475) ~[sponge-mixin-0.15.4+mixin.0.8.7.jar:0.15.4+mixin.0.8.7]
	at org.spongepowered.asm.mixin.transformer.MixinTargetContext.prepareInjections(MixinTargetContext.java:1407) ~[sponge-mixin-0.15.4+mixin.0.8.7.jar:0.15.4+mixin.0.8.7]
	at org.spongepowered.asm.mixin.transformer.MixinApplicatorStandard.prepareInjections(MixinApplicatorStandard.java:731) ~[sponge-mixin-0.15.4+mixin.0.8.7.jar:0.15.4+mixin.0.8.7]
	at org.spongepowered.asm.mixin.transformer.MixinApplicatorStandard.applyMixin(MixinApplicatorStandard.java:315) ~[sponge-mixin-0.15.4+mixin.0.8.7.jar:0.15.4+mixin.0.8.7]
	at org.spongepowered.asm.mixin.transformer.MixinApplicatorStandard.apply(MixinApplicatorStandard.java:246) ~[sponge-mixin-0.15.4+mixin.0.8.7.jar:0.15.4+mixin.0.8.7]
	at org.spongepowered.asm.mixin.transformer.TargetClassContext.apply(TargetClassContext.java:437) ~[sponge-mixin-0.15.4+mixin.0.8.7.jar:0.15.4+mixin.0.8.7]
	at org.spongepowered.asm.mixin.transformer.TargetClassContext.applyMixins(TargetClassContext.java:418) ~[sponge-mixin-0.15.4+mixin.0.8.7.jar:0.15.4+mixin.0.8.7]
	at org.spongepowered.asm.mixin.transformer.MixinProcessor.applyMixins(MixinProcessor.java:363) ~[sponge-mixin-0.15.4+mixin.0.8.7.jar:0.15.4+mixin.0.8.7]
	at org.spongepowered.asm.mixin.transformer.MixinTransformer.transformClass(MixinTransformer.java:234) ~[sponge-mixin-0.15.4+mixin.0.8.7.jar:0.15.4+mixin.0.8.7]
	at org.spongepowered.asm.mixin.transformer.MixinTransformer.transformClassBytes(MixinTransformer.java:202) ~[sponge-mixin-0.15.4+mixin.0.8.7.jar:0.15.4+mixin.0.8.7]
	at net.fabricmc.loader.impl.launch.knot.KnotClassDelegate.getPostMixinClassByteArray(KnotClassDelegate.java:422) ~[fabric-loader-0.16.11.jar:?]
	at net.fabricmc.loader.impl.launch.knot.KnotClassDelegate.tryLoadClass(KnotClassDelegate.java:323) ~[fabric-loader-0.16.11.jar:?]
	at net.fabricmc.loader.impl.launch.knot.KnotClassDelegate.loadClass(KnotClassDelegate.java:218) ~[fabric-loader-0.16.11.jar:?]
	at net.fabricmc.loader.impl.launch.knot.KnotClassLoader.loadClass(KnotClassLoader.java:119) ~[fabric-loader-0.16.11.jar:?]
	at java.lang.ClassLoader.loadClass(ClassLoader.java:525) ~[?:?]
	at java.lang.Class.forName0(Native Method) ~[?:?]
	at java.lang.Class.forName(Class.java:375) ~[?:?]
	at jdk.proxy2.$Proxy145.<clinit>(Unknown Source) ~[?:?]
	at jdk.internal.reflect.NativeConstructorAccessorImpl.newInstance0(Native Method) ~[?:?]
	at jdk.internal.reflect.NativeConstructorAccessorImpl.newInstance(NativeConstructorAccessorImpl.java:77) ~[?:?]
	at jdk.internal.reflect.DelegatingConstructorAccessorImpl.newInstance(DelegatingConstructorAccessorImpl.java:45) ~[?:?]
	at java.lang.reflect.Constructor.newInstanceWithCaller(Constructor.java:500) ~[?:?]
	at java.lang.reflect.Constructor.newInstance(Constructor.java:481) ~[?:?]
	at java.lang.reflect.Proxy.newProxyInstance(Proxy.java:1053) ~[?:?]
	at java.lang.reflect.Proxy.newProxyInstance(Proxy.java:1039) ~[?:?]
	at fuzs.puzzleslib.api.event.v1.core.FabricEventFactory.lambda$createResult$1(FabricEventFactory.java:50) ~[PuzzlesLib-v8.1.32-1.20.1-Fabric.jar:?]
	at net.fabricmc.fabric.impl.base.event.ArrayBackedEvent.update(ArrayBackedEvent.java:54) ~[fabric-api-base-0.4.32+1802ada577-9a7d310cee765529.jar:?]
	at net.fabricmc.fabric.impl.base.event.ArrayBackedEvent.<init>(ArrayBackedEvent.java:50) ~[fabric-api-base-0.4.32+1802ada577-9a7d310cee765529.jar:?]
	at net.fabricmc.fabric.impl.base.event.EventFactoryImpl.createArrayBacked(EventFactoryImpl.java:47) ~[fabric-api-base-0.4.32+1802ada577-9a7d310cee765529.jar:?]
	at net.fabricmc.fabric.api.event.EventFactory.createArrayBacked(EventFactory.java:44) ~[fabric-api-base-0.4.32+1802ada577-9a7d310cee765529.jar:?]
	at fuzs.puzzleslib.api.event.v1.core.FabricEventFactory.createResult(FabricEventFactory.java:50) ~[PuzzlesLib-v8.1.32-1.20.1-Fabric.jar:?]
	at fuzs.puzzleslib.api.event.v1.FabricLivingEvents.<clinit>(FabricLivingEvents.java:117) ~[PuzzlesLib-v8.1.32-1.20.1-Fabric.jar:?]
	at fuzs.puzzleslib.impl.event.FabricEventInvokerRegistryImpl.registerEventHandlers(FabricEventInvokerRegistryImpl.java:238) ~[PuzzlesLib-v8.1.32-1.20.1-Fabric.jar:?]
	at fuzs.puzzleslib.impl.core.FabricFactories.registerEventHandlers(FabricFactories.java:62) ~[PuzzlesLib-v8.1.32-1.20.1-Fabric.jar:?]
	at fuzs.puzzleslib.impl.event.core.EventInvokerImpl.initialize(EventInvokerImpl.java:35) ~[PuzzlesLib-v8.1.32-1.20.1-Fabric.jar:?]
	at fuzs.puzzleslib.impl.event.FabricEventInvokerRegistryImpl.lambda$registerLoadingHandlers$2(FabricEventInvokerRegistryImpl.java:100) ~[PuzzlesLib-v8.1.32-1.20.1-Fabric.jar:?]
	at net.fabricmc.fabric.api.event.lifecycle.v1.ServerLifecycleEvents.lambda$static$0(ServerLifecycleEvents.java:38) ~[fabric-lifecycle-events-v1-2.2.2+1802ada577-f0da28253951162f.jar:?]
	at net.minecraft.server.MinecraftServer.handler$cbp000$fabric-lifecycle-events-v1$beforeSetupServer(MinecraftServer.java:5837) ~[server-intermediary.jar:?]
	at net.minecraft.server.MinecraftServer.method_29741(MinecraftServer.java:646) ~[server-intermediary.jar:?]
	at net.minecraft.server.MinecraftServer.method_29739(MinecraftServer.java:265) ~[server-intermediary.jar:?]
	at java.lang.Thread.run(Thread.java:840) ~[?:?]
[20:44:34] [Server thread/INFO]: Starting minecraft server version 1.20.1
[20:44:34] [Server thread/INFO]: Loading properties
[20:44:34] [Server thread/INFO]: Default game type: SURVIVAL
[20:44:34] [Server thread/INFO]: Generating keypair
[20:44:34] [Server thread/INFO]: Starting Minecraft server on *:25565
[20:44:34] [Server thread/INFO]: Using epoll channel type
[20:44:34] [Server thread/WARN]: **** SERVER IS RUNNING IN OFFLINE/INSECURE MODE!
[20:44:34] [Server thread/WARN]: The server will make no attempt to authenticate usernames. Beware.
[20:44:34] [Server thread/WARN]: While this makes the game possible to play without internet access, it also opens up the ability for hackers to connect with any username they choose.
[20:44:34] [Server thread/WARN]: To change this, set "online-mode" to "true" in the server.properties file.
[20:44:34] [Server thread/INFO]: Preparing level "world"
[20:44:34] [Server thread/INFO]: Enforcing safe world random access
[20:44:34] [pool-4-thread-1/INFO]: Reloading server config for illagerinvasion
[20:44:34] [pool-4-thread-1/INFO]: Reloading server config for leavesbegone
[20:44:34] [pool-4-thread-1/INFO]: Reloading server config for mutantmonsters
[20:44:34] [Server thread/WARN]: @Redirect conflict. Skipping smoothchunk.mixins.json:ChunkMapSlowUnload from mod smoothchunk->@Redirect::getSize(Ljava/util/Queue;)I with priority 1000, already redirected by c2me-opts-scheduling.mixins.json:general_overheads.MixinThreadedAnvilChunkStorage from mod c2me-opts-scheduling->@Redirect::redirectUnloadSize(Ljava/util/Queue;)I with priority 1100
[20:44:34] [Server thread/INFO]: Instancing error handler class dev.isxander.debugify.mixinplugin.DebugifyErrorHandler
[20:44:34] [Server thread/INFO]: Instancing error handler class com.illusivesoulworks.polymorph.mixin.IntegratedMixinPlugin
[20:44:34] [Server thread/WARN]: Mixin apply for mod betterchunkloading failed betterchunkloading.mixins.json:ChunkMapViewDistanceFixed from mod betterchunkloading -> net.minecraft.class_3204: org.spongepowered.asm.mixin.injection.throwables.InvalidInjectionException @At("INVOKE") on net/minecraft/class_3204::onSetViewDistance with priority 200 cannot inject into net/minecraft/class_3204::method_14049(I)V merged by com.ishland.c2me.notickvd.mixin.MixinChunkTicketManager with priority 1100 [modify$zli000$betterchunkloading$onSetViewDistance(I)I -> Prepare ->  -> { target: method_14049(I)V }]
org.spongepowered.asm.mixin.injection.throwables.InvalidInjectionException: @At("INVOKE") on net/minecraft/class_3204::onSetViewDistance with priority 200 cannot inject into net/minecraft/class_3204::method_14049(I)V merged by com.ishland.c2me.notickvd.mixin.MixinChunkTicketManager with priority 1100 [modify$zli000$betterchunkloading$onSetViewDistance(I)I -> Prepare ->  -> { target: method_14049(I)V }]
	at org.spongepowered.asm.mixin.injection.code.Injector.findTargetNodes(Injector.java:312) ~[sponge-mixin-0.15.4+mixin.0.8.7.jar:0.15.4+mixin.0.8.7]
	at org.spongepowered.asm.mixin.injection.code.Injector.find(Injector.java:248) ~[sponge-mixin-0.15.4+mixin.0.8.7.jar:0.15.4+mixin.0.8.7]
	at org.spongepowered.asm.mixin.injection.struct.InjectionInfo.prepare(InjectionInfo.java:475) ~[sponge-mixin-0.15.4+mixin.0.8.7.jar:0.15.4+mixin.0.8.7]
	at org.spongepowered.asm.mixin.transformer.MixinTargetContext.prepareInjections(MixinTargetContext.java:1407) ~[sponge-mixin-0.15.4+mixin.0.8.7.jar:0.15.4+mixin.0.8.7]
	at org.spongepowered.asm.mixin.transformer.MixinApplicatorStandard.prepareInjections(MixinApplicatorStandard.java:731) ~[sponge-mixin-0.15.4+mixin.0.8.7.jar:0.15.4+mixin.0.8.7]
	at org.spongepowered.asm.mixin.transformer.MixinApplicatorStandard.applyMixin(MixinApplicatorStandard.java:315) ~[sponge-mixin-0.15.4+mixin.0.8.7.jar:0.15.4+mixin.0.8.7]
	at org.spongepowered.asm.mixin.transformer.MixinApplicatorStandard.apply(MixinApplicatorStandard.java:246) ~[sponge-mixin-0.15.4+mixin.0.8.7.jar:0.15.4+mixin.0.8.7]
	at org.spongepowered.asm.mixin.transformer.TargetClassContext.apply(TargetClassContext.java:437) ~[sponge-mixin-0.15.4+mixin.0.8.7.jar:0.15.4+mixin.0.8.7]
	at org.spongepowered.asm.mixin.transformer.TargetClassContext.applyMixins(TargetClassContext.java:418) ~[sponge-mixin-0.15.4+mixin.0.8.7.jar:0.15.4+mixin.0.8.7]
	at org.spongepowered.asm.mixin.transformer.MixinProcessor.applyMixins(MixinProcessor.java:363) ~[sponge-mixin-0.15.4+mixin.0.8.7.jar:0.15.4+mixin.0.8.7]
	at org.spongepowered.asm.mixin.transformer.MixinTransformer.transformClass(MixinTransformer.java:234) ~[sponge-mixin-0.15.4+mixin.0.8.7.jar:0.15.4+mixin.0.8.7]
	at org.spongepowered.asm.mixin.transformer.MixinTransformer.transformClassBytes(MixinTransformer.java:202) ~[sponge-mixin-0.15.4+mixin.0.8.7.jar:0.15.4+mixin.0.8.7]
	at net.fabricmc.loader.impl.launch.knot.KnotClassDelegate.getPostMixinClassByteArray(KnotClassDelegate.java:422) ~[fabric-loader-0.16.11.jar:?]
	at net.fabricmc.loader.impl.launch.knot.KnotClassDelegate.tryLoadClass(KnotClassDelegate.java:323) ~[fabric-loader-0.16.11.jar:?]
	at net.fabricmc.loader.impl.launch.knot.KnotClassDelegate.loadClass(KnotClassDelegate.java:218) ~[fabric-loader-0.16.11.jar:?]
	at net.fabricmc.loader.impl.launch.knot.KnotClassLoader.loadClass(KnotClassLoader.java:119) ~[fabric-loader-0.16.11.jar:?]
	at java.lang.ClassLoader.loadClass(ClassLoader.java:525) ~[?:?]
	at net.minecraft.class_3215.<init>(class_3215.java:87) ~[server-intermediary.jar:?]
	at net.minecraft.class_3218.mixinextras$bridge$newclass_3215$259(class_3218.java) ~[server-intermediary.jar:?]
	at net.minecraft.class_3218.wrapOperation$dki000$moonlight$ml$assignFakeChunkCache(class_3218.java:14248) ~[server-intermediary.jar:?]
	at net.minecraft.class_3218.<init>(class_3218.java:231) ~[server-intermediary.jar:?]
	at net.minecraft.server.MinecraftServer.method_3786(MinecraftServer.java:359) ~[server-intermediary.jar:?]
	at net.minecraft.server.MinecraftServer.method_3735(MinecraftServer.java:324) ~[server-intermediary.jar:?]
	at net.minecraft.class_3176.method_3823(class_3176.java:169) ~[server-intermediary.jar:?]
	at net.minecraft.server.MinecraftServer.method_29741(MinecraftServer.java:646) ~[server-intermediary.jar:?]
	at net.minecraft.server.MinecraftServer.method_29739(MinecraftServer.java:265) ~[server-intermediary.jar:?]
	at java.lang.Thread.run(Thread.java:840) ~[?:?]
[20:44:35] [Server thread/INFO]: Loaded config for: betterchunkloading.json
[20:44:40] [Server thread/INFO]: Ignoring world 'minecells:insufferable_crypt'; unknown dimension type: minecells:prison
[20:44:40] [Server thread/INFO]: Ignoring world 'minecells:promenade'; unknown dimension type: minecells:promenade
[20:44:40] [Server thread/INFO]: Ignoring world 'minecells:prison'; unknown dimension type: minecells:prison
[20:44:40] [Server thread/INFO]: Ignoring world 'minecells:black_bridge'; unknown dimension type: minecells:black_bridge
[20:44:40] [Server thread/INFO]: Ignoring world 'minecells:ramparts'; unknown dimension type: minecells:ramparts
[20:44:40] [Server thread/INFO]: Ignoring world 'graveyard:past'; unknown dimension type: graveyard:past
[20:44:40] [Server thread/INFO]: Loading dimension "minecraft:the_nether" with biome source: "minecraft:multi_noise".
[20:44:40] [Server thread/WARN]: Non-unique structure_set salt:0 potentially creating overlapping structures detected. Structure sets: [minecraft:mineshafts, minecraft:stronghold, minecraft:strongholds, minecraft:buried_treasures]
[20:44:40] [Server thread/WARN]: Non-unique structure_set salt:30084232 potentially creating overlapping structures detected. Structure sets: [1_splatus:blaze_king_tower, minecraft:nether_complexes]
[20:44:40] [Server thread/WARN]: Non-unique structure_set salt:817997296 potentially creating overlapping structures detected. Structure sets: [ati_structures:underground_medium, ati_structures:aboveground_large]
[20:44:40] [Server thread/WARN]: Non-unique structure_set salt:783 potentially creating overlapping structures detected. Structure sets: [nova_structures:taverns, nova_structures:badlands_miner_outpost]
[20:44:40] [Server thread/WARN]: Non-unique structure_set salt:641926537 potentially creating overlapping structures detected. Structure sets: [qrafty:dirt_hut, qrafty:termite_hill]
[20:44:40] [Server thread/WARN]: Non-unique structure_set salt:433252558 potentially creating overlapping structures detected. Structure sets: [mvs:houses/azelea_house, mvs:houses/warped_house]
[20:44:40] [Server thread/WARN]: Non-unique structure_set salt:1646207470 potentially creating overlapping structures detected. Structure sets: [mobs_of_mythology:automaton_structure, hopo:portal_dripstone]
[20:44:40] [Server thread/WARN]: Non-unique structure_set salt:867700449 potentially creating overlapping structures detected. Structure sets: [species:paleontology_dig_site, species:wraptor_coops]
[20:44:40] [Server thread/WARN]: Non-unique structure_set salt:598017285 potentially creating overlapping structures detected. Structure sets: [graveyard:small_desert_graveyard_structure, graveyard:small_graveyard_structure]
[20:44:40] [Server thread/WARN]: Non-unique structure_set salt:10387312 potentially creating overlapping structures detected. Structure sets: [minecraft:villages, nova_structures:villages_jungle, nova_structures:villages_swamp, joshie:village_ocean]
[20:44:40] [Server thread/WARN]: Non-unique structure_set salt:21731007 potentially creating overlapping structures detected. Structure sets: [wabi_sabi_structures:ender_claw, wabi_sabi_structures:warped_ender_claw]
[20:44:40] [Server thread/WARN]: Non-unique structure_set salt:100922847 potentially creating overlapping structures detected. Structure sets: [mns:medium_house, mns:medium_house_2]
[20:44:40] [Server thread/WARN]: Non-unique structure_set salt:10387313 potentially creating overlapping structures detected. Structure sets: [minecraft:ocean_monuments, minecraft:end_cities, 1_splatus:endcity_pyramid]
[20:44:40] [Server thread/WARN]: Non-unique structure_set salt:641996537 potentially creating overlapping structures detected. Structure sets: [qrafty:archeology_desert, qrafty:ice_fort, qrafty:orbital, qrafty:stonehedge, qrafty:jungle_treehouse, qrafty:lush_ice, qrafty:enchanter, qrafty:plains, qrafty:maya, qrafty:birk_fort, qrafty:stelzen, qrafty:tower, qrafty:well, qrafty:fort, qrafty:buried_villager, qrafty:hobbit_hole, qrafty:igloo_village, qrafty:camp, qrafty:oasis, qrafty:archeology, qrafty:graveyard, qrafty:relict, qrafty:mangrove_watchtower, qrafty:overworld_leak, qrafty:railroad, qrafty:archeology_taiga, qrafty:sunken_city, qrafty:farm]
[20:44:40] [Server thread/WARN]: Non-unique structure_set salt:2043237655 potentially creating overlapping structures detected. Structure sets: [minecells:prison, minecells:promenade_wall_z, minecells:promenade_wall_x, minecells:insufferable_crypt, minecells:black_bridge, minecells:overworld_portal, minecells:ramparts]
[20:44:40] [Server thread/WARN]: Non-unique structure_set salt:239021 potentially creating overlapping structures detected. Structure sets: [nova_structures:desert_ruins, nova_structures:jungle_ruins]
[20:44:40] [Server thread/WARN]: Non-unique structure_set salt:429454167 potentially creating overlapping structures detected. Structure sets: [farmers_structures:quarks_slime_with_all, farmers_structures:quarks_moss_with_all]
[20:44:40] [Server thread/WARN]: Non-unique structure_set salt:784827271 potentially creating overlapping structures detected. Structure sets: [betterfortresses:fortress, betteroceanmonuments:ocean_monument]
[20:44:40] [Server thread/WARN]: Non-unique structure_set salt:420699602 potentially creating overlapping structures detected. Structure sets: [structory_towers:ultra_rare_towers, structory_towers:towers, structory_towers:end_towers]
[20:44:40] [Server thread/WARN]: Non-unique structure_set salt:1694767080 potentially creating overlapping structures detected. Structure sets: [awesomedungeonnether:nth_absi_palace, awesomedungeon:abandoned_oak_palace]
[20:44:40] [Server thread/WARN]: Non-unique structure_set salt:499672 potentially creating overlapping structures detected. Structure sets: [bosses_of_mass_destruction:obsidilith_arena, bosses_of_mass_destruction:gauntlet_arena]
[20:44:40] [Server thread/WARN]: Non-unique structure_set salt:1513104469 potentially creating overlapping structures detected. Structure sets: [qrafty:jungle_treevillage, qrafty:tsumago, qrafty:bamboo, qrafty:bunker]
[20:44:40] [Server thread/WARN]: Non-unique structure_set salt:14357620 potentially creating overlapping structures detected. Structure sets: [minecraft:swamp_huts, promenade:witch_huts]
[20:44:40] [Server thread/WARN]: Non-unique structure_set salt:4533232 potentially creating overlapping structures detected. Structure sets: [nova_structures:illager_camp, nova_structures:nether_camps]
[20:44:40] [Server thread/INFO]: Preparing start region for dimension minecraft:overworld
[20:44:48] [Worker-Main-3/INFO]: Preparing spawn area: 0%
[20:44:48] [Worker-Main-3/INFO]: Preparing spawn area: 0%
[20:44:48] [Worker-Main-2/INFO]: Preparing spawn area: 0%
[20:44:48] [Worker-Main-2/INFO]: Preparing spawn area: 0%
[20:44:48] [Worker-Main-2/INFO]: Preparing spawn area: 0%
[20:44:48] [Worker-Main-3/INFO]: Preparing spawn area: 0%
[20:44:48] [Worker-Main-3/INFO]: Preparing spawn area: 0%
[20:44:48] [Worker-Main-2/INFO]: Preparing spawn area: 0%
[20:44:48] [Worker-Main-2/INFO]: Preparing spawn area: 0%
[20:44:48] [Worker-Main-3/INFO]: Preparing spawn area: 0%
[20:44:48] [Worker-Main-3/INFO]: Preparing spawn area: 0%
[20:44:48] [Worker-Main-3/INFO]: Preparing spawn area: 0%
[20:44:48] [Worker-Main-3/INFO]: Preparing spawn area: 0%
[20:44:48] [Worker-Main-2/INFO]: Preparing spawn area: 0%
[20:44:48] [Worker-Main-2/INFO]: Preparing spawn area: 0%
[20:44:48] [Worker-Main-2/INFO]: Preparing spawn area: 0%
[20:44:48] [Worker-Main-2/INFO]: Preparing spawn area: 0%
[20:44:49] [Worker-Main-3/INFO]: Preparing spawn area: 0%
[20:44:49] [Worker-Main-3/INFO]: Preparing spawn area: 27%
[20:44:50] [Worker-Main-1/INFO]: Preparing spawn area: 67%
[20:44:50] [Server thread/INFO]: Time elapsed: 9866 ms
[20:44:50] [Server thread/INFO]: Done (15.757s)! For help, type "help"
[20:44:50] [Server thread/WARN]: Dedicated server took 56.601 seconds to load
[20:44:50] [Server thread/INFO]: Loaded config for: lootintegrations.json
[20:44:50] [Server thread/INFO]: Loaded config for: smoothchunk.json
[20:44:50] [Server thread/INFO]: Loaded config for: brutalbosses.json
[20:44:54] [Server thread/INFO]: Encoded Weapon Attribute registry size (with package overhead): 133623 bytes (in 14 string chunks with the size of 10000)
[20:44:54] [Server thread/INFO]: Start loading plugin from Balm
[20:44:54] [Server thread/INFO]: Start loading plugin from Exposure
[20:44:54] [Server thread/INFO]: Start loading plugin from Jade
[20:44:54] [Server thread/INFO]: Start loading plugin from Jade
[20:44:54] [Server thread/INFO]: Start loading plugin from Jade
[20:44:54] [Server thread/INFO]: Start loading plugin from Supplementaries
[20:44:54] [Server thread/INFO]: Start loading plugin from Waystones
[20:44:54] [Server thread/INFO]: Loaded values for 21 compatible attributes.
[20:44:54] [Server thread/INFO]: Loaded 21 values from config.
[20:44:54] [Server thread/INFO]: Saving config file. 21 entries.
[20:44:54] [Server thread/INFO]: Applying changes for 21 attributes.
[20:44:54] [Server thread/WARN]: Can't keep up! Is the server overloaded? Running 3711ms or 74 ticks behind
[20:44:54] [Server thread/INFO]: Loaded Reach Entity Attributes scaler
[20:45:28] [Server thread/INFO]: Celxex[/127.8.173.125:52439] logged in with entity id 124 at (1398.463728678129, 64.0, 4159.300000011921)
[20:45:28] [Server thread/INFO]: Sending server config values to client
[20:45:29] [Server thread/INFO]: Syncing config to Celxex (4e175053-7929-3a17-bd6d-414355f70d42)
[20:45:29] [Server thread/INFO]: Loading config from file...
[20:45:29] [Server thread/INFO]: Celxex joined the game
[20:45:29] [Netty Epoll Server IO #4/INFO]: Receiving client config
[20:45:35] [Server thread/WARN]: Can't keep up! Is the server overloaded? Running 7035ms or 140 ticks behind
[20:47:39] [Server thread/INFO]: [Celxex: Set the weather to clear]
[20:50:32] [Server thread/INFO]: [Celxex: Set 'Entity Scaling' to 'Enable true']
[20:50:32] [Server thread/INFO]: [Celxex: Set 'Eye Height' to 'Enable true']
[20:50:32] [Server thread/INFO]: [Celxex: Set 'Hitbox Width' to 'Enable true']
[20:50:32] [Server thread/INFO]: [Celxex: Set 'Hitbox Height' to 'Enable true']
[20:50:32] [Server thread/INFO]: [Celxex: Set 'Third Person Distance' to 'Enable true']
[20:50:32] [Server thread/INFO]: [Celxex: Set 'View Bobbing' to 'Enable true']
[20:50:32] [Server thread/INFO]: [Celxex: Set 'Motion Scale' to 'Enable true']
[20:50:32] [Server thread/INFO]: [Celxex: Set 'Step Height' to 'Enable true']
[20:50:32] [Server thread/INFO]: [Celxex: Set 'Flight Speed' to 'Enable true']
[20:50:32] [Server thread/INFO]: [Celxex: Set 'Fall Damage Scale' to 'Enable true']
[20:50:32] [Server thread/INFO]: [Celxex: Set 'Reach' to 'Enable true']
[20:50:32] [Server thread/INFO]: [Celxex: Set 'Mining Speed' to 'Enable true']
[20:50:32] [Server thread/INFO]: [Celxex: Set 'Attack Speed' to 'Enable true']
[20:50:32] [Server thread/INFO]: [Celxex: Set 'Attack Knockback' to 'Enable true']
[20:50:32] [Server thread/INFO]: [Celxex: Set 'Attack Damage Scale' to 'Enable true']
[20:50:32] [Server thread/INFO]: [Celxex: Set 'Defense Scale' to 'Enable true']
[20:50:32] [Server thread/INFO]: [Celxex: Set 'Health' to 'Enable true']
[20:50:32] [Server thread/INFO]: [Celxex: Set 'Mob Visibility' to 'Enable true']
[20:50:32] [Server thread/INFO]: [Celxex: Set 'Width' to 'Enable true']
[20:50:32] [Server thread/INFO]: [Celxex: Set 'Height' to 'Enable true']
[20:50:32] [Server thread/INFO]: [Celxex: Set 'Jump Height' to 'Enable true']
[20:50:32] [Server thread/INFO]: [Celxex: Set 'Projectile Damage' to 'Enable true']
[20:50:32] [Server thread/INFO]: [Celxex: Set 'Explosion Damage' to 'Enable true']
[20:50:32] [Server thread/INFO]: [Celxex: Set 'Knockback Resist Scale' to 'Enable true']
[20:50:32] [Server thread/INFO]: [Celxex: Set 'Safe Fall Distance Scale' to 'Enable true']
[20:50:44] [Netty Epoll Server IO #6/ERROR]: Exception occurred in netty pipeline
io.netty.handler.codec.DecoderException: java.lang.IndexOutOfBoundsException: Index 50 out of bounds for length 1
	at io.netty.handler.codec.ByteToMessageDecoder.callDecode(ByteToMessageDecoder.java:489) ~[netty-codec-4.1.82.Final.jar:?]
	at io.netty.handler.codec.ByteToMessageDecoder.channelRead(ByteToMessageDecoder.java:280) ~[netty-codec-4.1.82.Final.jar:?]
	at io.netty.channel.AbstractChannelHandlerContext.invokeChannelRead(AbstractChannelHandlerContext.java:379) ~[netty-transport-4.1.82.Final.jar:?]
	at io.netty.channel.AbstractChannelHandlerContext.invokeChannelRead(AbstractChannelHandlerContext.java:365) ~[netty-transport-4.1.82.Final.jar:?]
	at io.netty.channel.AbstractChannelHandlerContext.fireChannelRead(AbstractChannelHandlerContext.java:357) ~[netty-transport-4.1.82.Final.jar:?]
	at io.netty.handler.codec.ByteToMessageDecoder.fireChannelRead(ByteToMessageDecoder.java:336) ~[netty-codec-4.1.82.Final.jar:?]
	at io.netty.handler.codec.ByteToMessageDecoder.fireChannelRead(ByteToMessageDecoder.java:323) ~[netty-codec-4.1.82.Final.jar:?]
	at io.netty.handler.codec.ByteToMessageDecoder.callDecode(ByteToMessageDecoder.java:444) ~[netty-codec-4.1.82.Final.jar:?]
	at io.netty.handler.codec.ByteToMessageDecoder.channelRead(ByteToMessageDecoder.java:280) ~[netty-codec-4.1.82.Final.jar:?]
	at io.netty.channel.AbstractChannelHandlerContext.invokeChannelRead(AbstractChannelHandlerContext.java:379) ~[netty-transport-4.1.82.Final.jar:?]
	at io.netty.channel.AbstractChannelHandlerContext.invokeChannelRead(AbstractChannelHandlerContext.java:365) ~[netty-transport-4.1.82.Final.jar:?]
	at io.netty.channel.AbstractChannelHandlerContext.fireChannelRead(AbstractChannelHandlerContext.java:357) ~[netty-transport-4.1.82.Final.jar:?]
	at net.minecraft.class_3238.channelRead(class_3238.java:95) ~[server-intermediary.jar:?]
	at io.netty.channel.AbstractChannelHandlerContext.invokeChannelRead(AbstractChannelHandlerContext.java:379) ~[netty-transport-4.1.82.Final.jar:?]
	at io.netty.channel.AbstractChannelHandlerContext.invokeChannelRead(AbstractChannelHandlerContext.java:365) ~[netty-transport-4.1.82.Final.jar:?]
	at io.netty.channel.AbstractChannelHandlerContext.fireChannelRead(AbstractChannelHandlerContext.java:357) ~[netty-transport-4.1.82.Final.jar:?]
	at io.netty.handler.timeout.IdleStateHandler.channelRead(IdleStateHandler.java:286) ~[netty-handler-4.1.82.Final.jar:?]
	at io.netty.channel.AbstractChannelHandlerContext.invokeChannelRead(AbstractChannelHandlerContext.java:379) ~[netty-transport-4.1.82.Final.jar:?]
	at io.netty.channel.AbstractChannelHandlerContext.invokeChannelRead(AbstractChannelHandlerContext.java:365) ~[netty-transport-4.1.82.Final.jar:?]
	at io.netty.channel.AbstractChannelHandlerContext.fireChannelRead(AbstractChannelHandlerContext.java:357) ~[netty-transport-4.1.82.Final.jar:?]
	at io.netty.channel.DefaultChannelPipeline$HeadContext.channelRead(DefaultChannelPipeline.java:1410) ~[netty-transport-4.1.82.Final.jar:?]
	at io.netty.channel.AbstractChannelHandlerContext.invokeChannelRead(AbstractChannelHandlerContext.java:379) ~[netty-transport-4.1.82.Final.jar:?]
	at io.netty.channel.AbstractChannelHandlerContext.invokeChannelRead(AbstractChannelHandlerContext.java:365) ~[netty-transport-4.1.82.Final.jar:?]
	at io.netty.channel.DefaultChannelPipeline.fireChannelRead(DefaultChannelPipeline.java:919) ~[netty-transport-4.1.82.Final.jar:?]
	at io.netty.channel.epoll.AbstractEpollStreamChannel$EpollStreamUnsafe.epollInReady(AbstractEpollStreamChannel.java:800) ~[netty-transport-classes-epoll-4.1.82.Final.jar:?]
	at io.netty.channel.epoll.EpollEventLoop.processReady(EpollEventLoop.java:499) ~[netty-transport-classes-epoll-4.1.82.Final.jar:?]
	at io.netty.channel.epoll.EpollEventLoop.run(EpollEventLoop.java:397) ~[netty-transport-classes-epoll-4.1.82.Final.jar:?]
	at io.netty.util.concurrent.SingleThreadEventExecutor$4.run(SingleThreadEventExecutor.java:997) ~[netty-common-4.1.82.Final.jar:?]
	at io.netty.util.internal.ThreadExecutorMap$2.run(ThreadExecutorMap.java:74) ~[netty-common-4.1.82.Final.jar:?]
	at java.lang.Thread.run(Thread.java:840) ~[?:?]
Caused by: java.lang.IndexOutOfBoundsException: Index 50 out of bounds for length 1
	at jdk.internal.util.Preconditions.outOfBounds(Preconditions.java:64) ~[?:?]
	at jdk.internal.util.Preconditions.outOfBoundsCheckIndex(Preconditions.java:70) ~[?:?]
	at jdk.internal.util.Preconditions.checkIndex(Preconditions.java:266) ~[?:?]
	at java.util.Objects.checkIndex(Objects.java:361) ~[?:?]
	at java.util.ArrayList.get(ArrayList.java:427) ~[?:?]
	at net.minecraft.class_2539$class_4532.method_22310(class_2539.java:458) ~[server-intermediary.jar:?]
	at net.minecraft.class_2539.method_10783(class_2539.java:522) ~[server-intermediary.jar:?]
	at net.minecraft.class_2543.decode(class_2543.java:32) ~[server-intermediary.jar:?]
	at io.netty.handler.codec.ByteToMessageDecoder.decodeRemovalReentryProtection(ByteToMessageDecoder.java:519) ~[netty-codec-4.1.82.Final.jar:?]
	at io.netty.handler.codec.ByteToMessageDecoder.callDecode(ByteToMessageDecoder.java:458) ~[netty-codec-4.1.82.Final.jar:?]
	... 29 more
[20:50:48] [Netty Epoll Server IO #7/ERROR]: Exception occurred in netty pipeline
io.netty.handler.codec.DecoderException: java.lang.IndexOutOfBoundsException: Index 3 out of bounds for length 1
	at io.netty.handler.codec.ByteToMessageDecoder.callDecode(ByteToMessageDecoder.java:489) ~[netty-codec-4.1.82.Final.jar:?]
	at io.netty.handler.codec.ByteToMessageDecoder.channelRead(ByteToMessageDecoder.java:280) ~[netty-codec-4.1.82.Final.jar:?]
	at io.netty.channel.AbstractChannelHandlerContext.invokeChannelRead(AbstractChannelHandlerContext.java:379) ~[netty-transport-4.1.82.Final.jar:?]
	at io.netty.channel.AbstractChannelHandlerContext.invokeChannelRead(AbstractChannelHandlerContext.java:365) ~[netty-transport-4.1.82.Final.jar:?]
	at io.netty.channel.AbstractChannelHandlerContext.fireChannelRead(AbstractChannelHandlerContext.java:357) ~[netty-transport-4.1.82.Final.jar:?]
	at io.netty.handler.codec.ByteToMessageDecoder.fireChannelRead(ByteToMessageDecoder.java:336) ~[netty-codec-4.1.82.Final.jar:?]
	at io.netty.handler.codec.ByteToMessageDecoder.fireChannelRead(ByteToMessageDecoder.java:323) ~[netty-codec-4.1.82.Final.jar:?]
	at io.netty.handler.codec.ByteToMessageDecoder.callDecode(ByteToMessageDecoder.java:444) ~[netty-codec-4.1.82.Final.jar:?]
	at io.netty.handler.codec.ByteToMessageDecoder.channelRead(ByteToMessageDecoder.java:280) ~[netty-codec-4.1.82.Final.jar:?]
	at io.netty.channel.AbstractChannelHandlerContext.invokeChannelRead(AbstractChannelHandlerContext.java:379) ~[netty-transport-4.1.82.Final.jar:?]
	at io.netty.channel.AbstractChannelHandlerContext.invokeChannelRead(AbstractChannelHandlerContext.java:365) ~[netty-transport-4.1.82.Final.jar:?]
	at io.netty.channel.AbstractChannelHandlerContext.fireChannelRead(AbstractChannelHandlerContext.java:357) ~[netty-transport-4.1.82.Final.jar:?]
	at net.minecraft.class_3238.channelRead(class_3238.java:95) ~[server-intermediary.jar:?]
	at io.netty.channel.AbstractChannelHandlerContext.invokeChannelRead(AbstractChannelHandlerContext.java:379) ~[netty-transport-4.1.82.Final.jar:?]
	at io.netty.channel.AbstractChannelHandlerContext.invokeChannelRead(AbstractChannelHandlerContext.java:365) ~[netty-transport-4.1.82.Final.jar:?]
	at io.netty.channel.AbstractChannelHandlerContext.fireChannelRead(AbstractChannelHandlerContext.java:357) ~[netty-transport-4.1.82.Final.jar:?]
	at io.netty.handler.timeout.IdleStateHandler.channelRead(IdleStateHandler.java:286) ~[netty-handler-4.1.82.Final.jar:?]
	at io.netty.channel.AbstractChannelHandlerContext.invokeChannelRead(AbstractChannelHandlerContext.java:379) ~[netty-transport-4.1.82.Final.jar:?]
	at io.netty.channel.AbstractChannelHandlerContext.invokeChannelRead(AbstractChannelHandlerContext.java:365) ~[netty-transport-4.1.82.Final.jar:?]
	at io.netty.channel.AbstractChannelHandlerContext.fireChannelRead(AbstractChannelHandlerContext.java:357) ~[netty-transport-4.1.82.Final.jar:?]
	at io.netty.channel.DefaultChannelPipeline$HeadContext.channelRead(DefaultChannelPipeline.java:1410) ~[netty-transport-4.1.82.Final.jar:?]
	at io.netty.channel.AbstractChannelHandlerContext.invokeChannelRead(AbstractChannelHandlerContext.java:379) ~[netty-transport-4.1.82.Final.jar:?]
	at io.netty.channel.AbstractChannelHandlerContext.invokeChannelRead(AbstractChannelHandlerContext.java:365) ~[netty-transport-4.1.82.Final.jar:?]
	at io.netty.channel.DefaultChannelPipeline.fireChannelRead(DefaultChannelPipeline.java:919) ~[netty-transport-4.1.82.Final.jar:?]
	at io.netty.channel.epoll.AbstractEpollStreamChannel$EpollStreamUnsafe.epollInReady(AbstractEpollStreamChannel.java:800) ~[netty-transport-classes-epoll-4.1.82.Final.jar:?]
	at io.netty.channel.epoll.EpollEventLoop.processReady(EpollEventLoop.java:499) ~[netty-transport-classes-epoll-4.1.82.Final.jar:?]
	at io.netty.channel.epoll.EpollEventLoop.run(EpollEventLoop.java:397) ~[netty-transport-classes-epoll-4.1.82.Final.jar:?]
	at io.netty.util.concurrent.SingleThreadEventExecutor$4.run(SingleThreadEventExecutor.java:997) ~[netty-common-4.1.82.Final.jar:?]
	at io.netty.util.internal.ThreadExecutorMap$2.run(ThreadExecutorMap.java:74) ~[netty-common-4.1.82.Final.jar:?]
	at java.lang.Thread.run(Thread.java:840) ~[?:?]
Caused by: java.lang.IndexOutOfBoundsException: Index 3 out of bounds for length 1
	at jdk.internal.util.Preconditions.outOfBounds(Preconditions.java:64) ~[?:?]
	at jdk.internal.util.Preconditions.outOfBoundsCheckIndex(Preconditions.java:70) ~[?:?]
	at jdk.internal.util.Preconditions.checkIndex(Preconditions.java:266) ~[?:?]
	at java.util.Objects.checkIndex(Objects.java:361) ~[?:?]
	at java.util.ArrayList.get(ArrayList.java:427) ~[?:?]
	at net.minecraft.class_2539$class_4532.method_22310(class_2539.java:458) ~[server-intermediary.jar:?]
	at net.minecraft.class_2539.method_10783(class_2539.java:522) ~[server-intermediary.jar:?]
	at net.minecraft.class_2543.decode(class_2543.java:32) ~[server-intermediary.jar:?]
	at io.netty.handler.codec.ByteToMessageDecoder.decodeRemovalReentryProtection(ByteToMessageDecoder.java:519) ~[netty-codec-4.1.82.Final.jar:?]
	at io.netty.handler.codec.ByteToMessageDecoder.callDecode(ByteToMessageDecoder.java:458) ~[netty-codec-4.1.82.Final.jar:?]
	... 29 more
[20:51:16] [Server thread/INFO]: [Celxex: Set the time to 1000]
[20:54:52] [Server thread/INFO]: Yasame14[/127.94.75.249:49071] logged in with entity id 2621 at (1374.5545484201757, 68.0, 4140.3542981042665)
[20:54:52] [Server thread/INFO]: Sending server config values to client
[20:54:52] [Server thread/INFO]: Syncing config to Yasame14 (4e5a7227-060a-3e02-b862-65b2553750f4)
[20:54:52] [Server thread/INFO]: Loading config from file...
[20:54:52] [Server thread/INFO]: Yasame14 joined the game
[20:54:53] [Netty Epoll Server IO #1/INFO]: Receiving client config
[20:55:53] [Server thread/INFO]: [Not Secure] <Celxex> holas
[20:55:59] [Server thread/INFO]: [Not Secure] <Yasame14> eh vuelto hijos
[20:56:01] [Server thread/INFO]: [Not Secure] <Celxex> se ve mi skin ?
[20:56:14] [Server thread/INFO]: [Not Secure] <Celxex> diablo
[20:56:23] [Server thread/INFO]: [Not Secure] <Celxex> algunas no se ven no se por que AJADS
[20:56:42] [Server thread/INFO]: [Not Secure] <Celxex> y esta
[20:56:54] [Server thread/INFO]: [Not Secure] <Celxex> soy bananin
[20:57:11] [Server thread/INFO]: [Not Secure] <Yasame14> q haciamos
[20:57:19] [Server thread/INFO]: [Not Secure] <Celxex> intentar buscar una casa
[20:57:22] [Server thread/INFO]: [Not Secure] <Celxex> digo
[20:57:26] [Server thread/INFO]: [Not Secure] <Celxex> un lugar
[20:57:28] [Server thread/INFO]: [Not Secure] <Celxex> chido
[20:57:30] [Server thread/INFO]: [Not Secure] <Yasame14> la balsa
[20:57:58] [Worker-Main-2/WARN]: Empty height range: [-55 absolute--60 absolute]
[20:57:58] [Worker-Main-2/WARN]: Empty height range: [-55 absolute--60 absolute]
[20:57:58] [Worker-Main-2/WARN]: Empty height range: [-55 absolute--60 absolute]
[20:58:19] [Server thread/INFO]: [Not Secure] <Celxex> ALDEA
[20:58:22] [Server thread/INFO]: [Not Secure] <Celxex> AH NO
[20:58:26] [Server thread/INFO]: [Not Secure] <Celxex> es una casa nomas
[20:58:30] [Server thread/INFO]: [Not Secure] <Celxex> cuidado un jefe
[20:58:45] [Server thread/WARN]: Boat (vehicle of Yasame14) moved too quickly! 8.330874693888745,0.0,5.790889784261708
[20:58:45] [Server thread/WARN]: Boat (vehicle of Yasame14) moved too quickly! 8.573142115743394,0.0,5.832557023112713
[20:58:45] [Server thread/WARN]: Boat (vehicle of Yasame14) moved too quickly! 8.791182789636423,0.0,5.870057537084904
[20:58:45] [Server thread/WARN]: Boat (vehicle of Yasame14) moved too quickly! 8.987419390941795,0.0,5.903807998765842
[20:58:45] [Server thread/WARN]: Boat (vehicle of Yasame14) moved too quickly! 9.16403232743778,0.0,5.934183413474329
[20:58:45] [Server thread/WARN]: Boat (vehicle of Yasame14) moved too quickly! 9.32298396607348,0.0,5.961521285987601
[20:58:45] [Server thread/WARN]: Boat (vehicle of Yasame14) moved too quickly! 9.46604043705588,0.0,5.98612537059762
[20:58:45] [Server thread/WARN]: Boat (vehicle of Yasame14) moved too quickly! 9.594791257529323,0.0,6.008269046159967
[20:58:45] [Server thread/WARN]: Boat (vehicle of Yasame14) moved too quickly! 9.710666992885763,0.0,6.028198353638345
[20:58:45] [Server thread/WARN]: Boat (vehicle of Yasame14) moved too quickly! 9.814955151943877,0.0,6.046134729893765
[20:58:45] [Server thread/WARN]: Boat (vehicle of Yasame14) moved too quickly! 9.908814492609736,0.0,6.062277468095999
[20:58:45] [Server thread/WARN]: Boat (vehicle of Yasame14) moved too quickly! 9.993287896971196,0.0,6.076805932093066
[20:58:45] [Server thread/WARN]: Can't keep up! Is the server overloaded? Running 2066ms or 41 ticks behind
[20:59:05] [Server thread/INFO]: [Not Secure] <Yasame14> como q regresamos
[20:59:19] [Server thread/INFO]: [Not Secure] <Celxex> ibamos para arriba por que estabamos llendo muy para abajo
[20:59:29] [Server thread/INFO]: [Not Secure] <Celxex> y te dije vamos para la izquierda o derecha
[20:59:34] [Server thread/INFO]: [Not Secure] <Celxex> mucho para abajo ya KAJSD
[20:59:54] [Server thread/INFO]: [Not Secure] <Yasame14> tu confia
[21:00:17] [pool-21-thread-1/INFO]: Searching for closest structure among [ResourceKey[minecraft:worldgen/structure / towns_and_towers:village_badlands], ResourceKey[minecraft:worldgen/structure / towns_and_towers:village_ocean], ResourceKey[minecraft:worldgen/structure / minecraft:village_savanna], ResourceKey[minecraft:worldgen/structure / towns_and_towers:village_wooded_badlands], ResourceKey[minecraft:worldgen/structure / ctov:small/village_dark_forest], ResourceKey[minecraft:worldgen/structure / ctov:small/village_jungle_tree], ResourceKey[minecraft:worldgen/structure / ctov:medium/village_swamp_fortified], ResourceKey[minecraft:worldgen/structure / towns_and_towers:exclusives/village_tudor]] from pos class_2338{x=1557, y=67, z=4085}
[21:00:23] [Server thread/INFO]: [Not Secure] <Celxex> coffe in mi
[21:00:35] [Server thread/INFO]: [Not Secure] <Yasame14> muchas botellas
[21:00:47] [Server thread/INFO]: [Not Secure] <Celxex> la que recogi dice
[21:01:07] [Server thread/INFO]: [Not Secure] <Celxex> trate de corregir las amanezas imprevistas anticipandolas
[21:01:16] [Server thread/INFO]: [Not Secure] <Celxex> son notas pistas de los jefes que hay
[21:01:22] [Server thread/INFO]: [Not Secure] <Celxex> hay 4 jefes especiales
[21:01:32] [Server thread/ERROR]: POI data mismatch: already registered at class_2338{x=1687, y=-32, z=-43}
[21:01:32] [Server thread/WARN]: Can't keep up! Is the server overloaded? Running 2700ms or 54 ticks behind
[21:01:36] [Server thread/INFO]: [Not Secure] <Celxex> selva
[21:02:02] [Server thread/INFO]: [Not Secure] <Celxex> java es clave
[21:02:03] [Worker-Main-2/WARN]: Non-existent template pool reference: minecraft:cook_additions_1_pool
[21:02:03] [Worker-Main-2/WARN]: Non-existent template pool reference: minecraft:cook_additions_3_pool
[21:02:03] [Worker-Main-2/WARN]: Non-existent template pool reference: minecraft:cook_additions_4_pool
[21:02:03] [Worker-Main-2/WARN]: Non-existent template pool reference: minecraft:cook_additions_2_pool
[21:02:03] [Worker-Main-2/WARN]: Non-existent template pool reference: minecraft:cook_end_1_pool
[21:02:03] [Worker-Main-2/WARN]: Non-existent template pool reference: minecraft:cook_end_1_pool
[21:02:03] [Worker-Main-2/WARN]: Non-existent template pool reference: minecraft:cook_additions_3_pool
[21:02:13] [Server thread/INFO]: [Not Secure] <Celxex> pero pedro tiene lo suyo
[21:02:32] [Server thread/WARN]: Boat (vehicle of Yasame14) moved too quickly! 10.190558725329083,0.0,1.9992920460381356
[21:02:32] [Server thread/WARN]: Boat (vehicle of Yasame14) moved too quickly! 10.565785016244945,0.0,2.1247687982822754
[21:02:32] [Server thread/WARN]: Boat (vehicle of Yasame14) moved too quickly! 10.936728264715157,0.0,2.259946183278771
[21:02:32] [Server thread/WARN]: Boat (vehicle of Yasame14) moved too quickly! 11.303165337297287,0.0,2.4047977833561163
[21:02:32] [Server thread/WARN]: Boat (vehicle of Yasame14) moved too quickly! 11.664935576252901,0.0,2.55919194379112
[21:02:32] [Server thread/WARN]: Boat (vehicle of Yasame14) moved too quickly! 12.021939558766462,0.0,2.722909838367741
[21:02:32] [Server thread/WARN]: Boat (vehicle of Yasame14) moved too quickly! 12.374129464227508,0.0,2.895670188511758
[21:02:32] [Server thread/WARN]: Boat (vehicle of Yasame14) moved too quickly! 12.72150116101966,0.0,3.0771475821948115
[21:02:32] [Server thread/WARN]: Boat (vehicle of Yasame14) moved too quickly! 13.06409097010851,0.0,3.266982480803563
[21:02:32] [Server thread/WARN]: Boat (vehicle of Yasame14) moved too quickly! 13.401969528031941,0.0,3.464792710092297
[21:02:32] [Server thread/WARN]: Boat (vehicle of Yasame14) moved too quickly! 13.735235553923303,0.0,3.6701833252000142
[21:02:32] [Server thread/WARN]: Boat (vehicle of Yasame14) moved too quickly! 14.064009643787358,0.0,3.8827550495834657
[21:02:32] [Server thread/WARN]: Boat (vehicle of Yasame14) moved too quickly! 14.388430898169418,0.0,4.102108763164324
[21:02:32] [Server thread/WARN]: Boat (vehicle of Yasame14) moved too quickly! 14.708653583447585,0.0,4.327849310692727
[21:02:32] [Server thread/WARN]: Boat (vehicle of Yasame14) moved too quickly! 15.024841144901302,0.0,4.559591414044007
[21:02:32] [Server thread/WARN]: Boat (vehicle of Yasame14) moved too quickly! 15.3371632790263,0.0,4.796962063343017
[21:02:32] [Server thread/WARN]: Boat (vehicle of Yasame14) moved too quickly! 15.645795904459419,0.0,5.0395998787353165
[21:02:32] [Server thread/WARN]: Boat (vehicle of Yasame14) moved too quickly! 15.950918278512972,0.0,5.287157106433369
[21:02:32] [Server thread/WARN]: Boat (vehicle of Yasame14) moved too quickly! 16.252707460939746,0.0,5.539303896194724
[21:02:32] [Server thread/WARN]: Boat (vehicle of Yasame14) moved too quickly! 16.551338813085295,0.0,5.795726805267805
[21:02:32] [Server thread/WARN]: Boat (vehicle of Yasame14) moved too quickly! 16.846986426636477,0.0,6.056127427726096
[21:02:32] [Server thread/WARN]: Boat (vehicle of Yasame14) moved too quickly! 17.139823474105015,0.0,6.320221129201855
[21:02:32] [Server thread/WARN]: Boat (vehicle of Yasame14) moved too quickly! 17.430530527198925,0.0,6.587274188220363
[21:02:32] [Server thread/WARN]: Boat (vehicle of Yasame14) moved too quickly! 17.720181408724784,0.0,6.85617070276021
[21:02:32] [Server thread/WARN]: Boat (vehicle of Yasame14) moved too quickly! 18.01011326282037,0.0,7.125463351369035
[21:02:32] [Server thread/WARN]: Boat (vehicle of Yasame14) moved too quickly! 18.301811156712574,0.0,7.39339465516332
[21:02:32] [Server thread/WARN]: Boat (vehicle of Yasame14) moved too quickly! 18.59637364393575,0.0,7.6584838292428685
[21:02:32] [Server thread/WARN]: Boat (vehicle of Yasame14) moved too quickly! 18.89458876919548,0.0,7.9195064167197415
[21:02:32] [Server thread/WARN]: Boat (vehicle of Yasame14) moved too quickly! 19.196998302282964,0.0,8.175469063828132
[21:02:32] [Server thread/WARN]: Boat (vehicle of Yasame14) moved too quickly! 19.503947649117208,0.0,8.425588059911206
[21:02:32] [Server thread/WARN]: Boat (vehicle of Yasame14) moved too quickly! 19.815629613116926,0.0,8.6692629155541
[21:02:32] [Server thread/WARN]: Boat (vehicle of Yasame14) moved too quickly! 20.13211889657873,0.0,8.906052867891049
[21:02:32] [Server thread/WARN]: Boat (vehicle of Yasame14) moved too quickly! 20.453400652246273,0.0,9.135653468540113
[21:02:32] [Server thread/WARN]: Boat (vehicle of Yasame14) moved too quickly! 20.779390912162626,0.0,9.357880798936094
[21:02:32] [Server thread/WARN]: Boat (vehicle of Yasame14) moved too quickly! 21.109955040690693,0.0,9.572652580503927
[21:02:32] [Server thread/WARN]: Boat (vehicle of Yasame14) moved too quickly! 21.44492279623637,0.0,9.779970160542689
[21:02:32] [Server thread/WARN]: Boat (vehicle of Yasame14) moved too quickly! 21.7843264957271,0.0,9.979245173208255
[21:02:32] [Server thread/WARN]: Boat (vehicle of Yasame14) moved too quickly! 22.128301737897118,0.0,10.169397875984941
[21:02:32] [Server thread/WARN]: Boat (vehicle of Yasame14) moved too quickly! 22.476985734711207,0.0,10.3489397777239
[21:02:32] [Server thread/WARN]: Boat (vehicle of Yasame14) moved too quickly! 22.830417550680522,0.0,10.516051281667387
[21:02:32] [Server thread/WARN]: Boat (vehicle of Yasame14) moved too quickly! 23.1884447754976,0.0,10.668663269958415
[21:02:32] [Server thread/WARN]: Boat (vehicle of Yasame14) moved too quickly! 23.550641880068724,0.0,10.804534102254365
[21:02:32] [Server thread/WARN]: Boat (vehicle of Yasame14) moved too quickly! 23.916241300424872,0.0,10.92133203634512
[21:02:32] [Server thread/WARN]: Boat (vehicle of Yasame14) moved too quickly! 24.28408108782287,0.0,11.016727247588278
[21:02:32] [Server thread/WARN]: Boat (vehicle of Yasame14) moved too quickly! 24.652569968086254,0.0,11.08848455939733
[21:02:32] [Server thread/WARN]: Boat (vehicle of Yasame14) moved too quickly! 25.019674830663234,0.0,11.134566342966536
[21:02:32] [Server thread/WARN]: Boat (vehicle of Yasame14) moved too quickly! 25.382926426300628,0.0,11.153227614122443
[21:02:32] [Server thread/WARN]: Boat (vehicle of Yasame14) moved too quickly! 25.73945223532428,0.0,11.143117805936527
[21:02:32] [Server thread/WARN]: Boat (vehicle of Yasame14) moved too quickly! 25.93792159314762,0.0,11.103823498598103
[21:02:32] [Server thread/WARN]: Boat (vehicle of Yasame14) moved too quickly! 25.93792159314762,0.0,11.035656164077409
[21:02:32] [Server thread/WARN]: Boat (vehicle of Yasame14) moved too quickly! 25.93792159314762,0.0,10.939471883795704
[21:02:32] [Server thread/WARN]: Boat (vehicle of Yasame14) moved too quickly! 25.93792159314762,0.0,10.816513807020783
[21:02:32] [Server thread/WARN]: Boat (vehicle of Yasame14) moved too quickly! 25.951664043772325,0.0,10.668286331882882
[21:02:32] [Server thread/WARN]: Boat (vehicle of Yasame14) moved too quickly! 25.975132515135783,0.0,10.496452660463547
[21:02:32] [Server thread/WARN]: Boat (vehicle of Yasame14) moved too quickly! 26.004928362710643,0.0,10.30275421382612
[21:02:32] [Server thread/WARN]: Boat (vehicle of Yasame14) moved too quickly! 26.03820494269371,0.0,10.088950760362422
[21:02:32] [Server thread/WARN]: Boat (vehicle of Yasame14) moved too quickly! 26.0726046768209,0.0,9.856776053143221
[21:02:32] [Server thread/WARN]: Boat (vehicle of Yasame14) moved too quickly! 26.106197144072667,0.0,9.607905559008941
[21:02:32] [Server thread/WARN]: Boat (vehicle of Yasame14) moved too quickly! 26.137423514201146,0.0,9.343934451827408
[21:02:32] [Server thread/WARN]: Boat (vehicle of Yasame14) moved too quickly! 26.165742002849584,0.0,9.066361039971525
[21:02:32] [Server thread/WARN]: Boat (vehicle of Yasame14) moved too quickly! 26.191439563325503,0.0,8.776545531881311
[21:02:32] [Server thread/WARN]: Boat (vehicle of Yasame14) moved too quickly! 26.215472338583595,0.0,8.475721819501814
[21:02:32] [Server thread/WARN]: Boat (vehicle of Yasame14) moved too quickly! 26.23932879076756,0.0,8.16504252368577
[21:02:32] [Server thread/WARN]: Boat (vehicle of Yasame14) moved too quickly! 26.264907246602434,0.0,7.845642631856208
[21:02:32] [Server thread/WARN]: Boat (vehicle of Yasame14) moved too quickly! 26.29441088023009,0.0,7.518711606006946
[21:02:32] [Server thread/WARN]: Boat (vehicle of Yasame14) moved too quickly! 26.33024751174821,0.0,7.185565864589989
[21:02:32] [Server thread/WARN]: Boat (vehicle of Yasame14) moved too quickly! 26.374931164832333,0.0,6.847715264189901
[21:02:32] [Server thread/WARN]: Boat (vehicle of Yasame14) moved too quickly! 26.417125660326974,0.0,6.5390581383653625
[21:02:32] [Server thread/WARN]: Boat (vehicle of Yasame14) moved too quickly! 26.457525470644214,0.0,6.25689403189881
[21:02:32] [Server thread/WARN]: Boat (vehicle of Yasame14) moved too quickly! 26.496762771866543,0.0,6.070974271621708
[21:02:32] [Server thread/WARN]: Boat (vehicle of Yasame14) moved too quickly! 26.535398822277557,0.0,6.070974271621708
[21:02:32] [Server thread/WARN]: Boat (vehicle of Yasame14) moved too quickly! 26.573916313403288,0.0,6.070974271621708
[21:02:32] [Server thread/WARN]: Boat (vehicle of Yasame14) moved too quickly! 26.612711498747103,0.0,6.070974271621708
[21:02:32] [Server thread/WARN]: Boat (vehicle of Yasame14) moved too quickly! 26.652087668444437,0.0,6.070974271621708
[21:02:32] [Server thread/WARN]: Boat (vehicle of Yasame14) moved too quickly! 26.6922494017158,0.0,6.070974271621708
[21:02:32] [Server thread/WARN]: Boat (vehicle of Yasame14) moved too quickly! 26.733299540539292,0.0,6.070974271621708
[21:02:32] [Server thread/WARN]: Can't keep up! Is the server overloaded? Running 16267ms or 325 ticks behind
[21:02:32] [Server thread/WARN]: Boat (vehicle of Yasame14) moved too quickly! 16.963893631354722,0.0,4.1875720867192285
[21:02:32] [Server thread/WARN]: Boat (vehicle of Yasame14) moved too quickly! 17.0066167290895,0.0,4.188030199433342
[21:02:32] [Server thread/WARN]: Boat (vehicle of Yasame14) moved too quickly! 17.08391947380028,0.0,4.1979532470904815
[21:02:32] [Server thread/WARN]: Boat (vehicle of Yasame14) moved too quickly! 17.190470559507503,0.0,4.222131074877325
[21:02:32] [Server thread/WARN]: Boat (vehicle of Yasame14) moved too quickly! 17.32093895660796,0.0,4.2640061409256305
[21:02:32] [Server thread/WARN]: Boat (vehicle of Yasame14) moved too quickly! 17.47022183102581,0.0,4.325874445076806
[21:02:32] [Server thread/WARN]: Boat (vehicle of Yasame14) moved too quickly! 17.633588571093014,0.0,4.409090284853846
[21:02:32] [Server thread/WARN]: Boat (vehicle of Yasame14) moved too quickly! 17.806765866580918,0.0,4.514252844582188
[21:02:32] [Server thread/WARN]: Boat (vehicle of Yasame14) moved too quickly! 17.985976460678103,0.0,4.64137350346482
[21:02:32] [Server thread/WARN]: Boat (vehicle of Yasame14) moved too quickly! 18.167938545243032,0.0,4.790024023079241
[21:02:32] [Server thread/WARN]: Boat (vehicle of Yasame14) moved too quickly! 18.34985310188722,0.0,4.959453575128464
[21:02:32] [Server thread/WARN]: Boat (vehicle of Yasame14) moved too quickly! 18.530009925525974,0.0,5.1484068334993935
[21:02:32] [Server thread/WARN]: Boat (vehicle of Yasame14) moved too quickly! 18.707656587789188,0.0,5.3553357403006885
[21:02:32] [Server thread/WARN]: Boat (vehicle of Yasame14) moved too quickly! 18.882849459387444,0.0,5.578523997468437
[21:02:32] [Server thread/WARN]: Boat (vehicle of Yasame14) moved too quickly! 19.056300342554778,0.0,5.816148907196293
[21:02:32] [Server thread/WARN]: Boat (vehicle of Yasame14) moved too quickly! 19.229237454911754,0.0,6.066296158157456
[21:02:32] [Server thread/WARN]: Boat (vehicle of Yasame14) moved too quickly! 19.403268350243934,0.0,6.326950144343755
[21:02:32] [Server thread/WARN]: Boat (vehicle of Yasame14) moved too quickly! 19.580262559824632,0.0,6.595963641606431
[21:02:32] [Server thread/WARN]: Boat (vehicle of Yasame14) moved too quickly! 19.762227708234605,0.0,6.871028951925837
[21:02:32] [Server thread/WARN]: Boat (vehicle of Yasame14) moved too quickly! 19.951193780086214,0.0,7.149651184468894
[21:02:32] [Server thread/WARN]: Boat (vehicle of Yasame14) moved too quickly! 20.126577713135475,0.0,7.42912598923067
[21:02:32] [Server thread/WARN]: Boat (vehicle of Yasame14) moved too quickly! 20.126577713135475,0.0,7.706532527889976
[21:02:32] [Server thread/WARN]: Boat (vehicle of Yasame14) moved too quickly! 20.126577713135475,0.0,7.8125720867192285
[21:02:32] [Server thread/WARN]: Boat (vehicle of Yasame14) moved too quickly! 20.126577713135475,0.0,7.8125720867192285
[21:02:32] [Server thread/WARN]: Boat (vehicle of Yasame14) moved too quickly! 20.126577713135475,0.0,7.8125720867192285
[21:02:32] [Server thread/WARN]: Boat (vehicle of Yasame14) moved too quickly! 20.126577713135475,0.0,7.8125720867192285
[21:02:32] [Server thread/WARN]: Boat (vehicle of Yasame14) moved too quickly! 20.126577713135475,0.0,7.8125720867192285
[21:02:32] [Server thread/WARN]: Boat (vehicle of Yasame14) moved too quickly! 20.126577713135475,0.0,7.81189333283146
[21:02:32] [Server thread/WARN]: Boat (vehicle of Yasame14) moved too quickly! 20.126577713135475,0.0,7.805128881066594
[21:02:32] [Server thread/WARN]: Boat (vehicle of Yasame14) moved too quickly! 20.126577713135475,0.0,7.787385457368146
[21:02:32] [Server thread/WARN]: Boat (vehicle of Yasame14) moved too quickly! 20.126577713135475,0.0,7.754369662261524
[21:02:32] [Server thread/WARN]: Boat (vehicle of Yasame14) moved too quickly! 20.126577713135475,0.0,7.70247729860148
[21:02:32] [Server thread/WARN]: Boat (vehicle of Yasame14) moved too quickly! 20.126577713135475,0.0,7.629384007454064
[21:02:32] [Server thread/WARN]: Boat (vehicle of Yasame14) moved too quickly! 20.126577713135475,0.0,7.533813089736213
[21:02:32] [Server thread/WARN]: Boat (vehicle of Yasame14) moved too quickly! 20.126577713135475,0.0,7.415318191735423
[21:02:32] [Server thread/WARN]: Boat (vehicle of Yasame14) moved too quickly! 20.126577713135475,0.0,7.274088796829346
[21:02:32] [Server thread/WARN]: Boat (vehicle of Yasame14) moved too quickly! 20.126577713135475,0.0,7.110780256783073
[21:02:32] [Server thread/WARN]: Boat (vehicle of Yasame14) moved too quickly! 20.126577713135475,0.0,6.9263789639471725
[21:02:32] [Server thread/WARN]: Boat (vehicle of Yasame14) moved too quickly! 20.138027525115604,0.0,6.722091552539496
[21:02:32] [Server thread/WARN]: Boat (vehicle of Yasame14) moved too quickly! 20.158006915903343,0.0,6.499420480782646
[21:02:32] [Server thread/WARN]: Boat (vehicle of Yasame14) moved too quickly! 20.184726221795472,0.0,6.259982564683924
[21:02:32] [Server thread/WARN]: Boat (vehicle of Yasame14) moved too quickly! 20.217350457112843,0.0,6.005418800797088
[21:02:32] [Server thread/WARN]: Boat (vehicle of Yasame14) moved too quickly! 20.25582394914227,0.0,5.737363028735672
[21:02:32] [Server thread/WARN]: Boat (vehicle of Yasame14) moved too quickly! 20.300718864935106,0.0,5.457453401780185
[21:02:32] [Server thread/WARN]: Boat (vehicle of Yasame14) moved too quickly! 20.35309479971602,0.0,5.167367915740215
[21:02:32] [Server thread/WARN]: Boat (vehicle of Yasame14) moved too quickly! 20.414370985256483,0.0,4.868872791105787
[21:02:32] [Server thread/WARN]: Boat (vehicle of Yasame14) moved too quickly! 20.486204621252,0.0,4.563873251494442
[21:02:32] [Server thread/WARN]: Boat (vehicle of Yasame14) moved too quickly! 20.57037698330896,0.0,4.254461098080355
[21:02:32] [Server thread/WARN]: Boat (vehicle of Yasame14) moved too quickly! 20.66868225790563,0.0,4.1875720867192285
[21:02:32] [Server thread/WARN]: Boat (vehicle of Yasame14) moved too quickly! 20.78281918273501,0.0,4.1875720867192285
[21:02:32] [Server thread/WARN]: Boat (vehicle of Yasame14) moved too quickly! 20.914286566038754,0.0,4.1875720867192285
[21:02:32] [Server thread/WARN]: Boat (vehicle of Yasame14) moved too quickly! 21.064286786003095,0.0,4.1875720867192285
[21:02:32] [Server thread/WARN]: Boat (vehicle of Yasame14) moved too quickly! 21.2336315604191,0.0,4.1875720867192285
[21:02:32] [Server thread/WARN]: Boat (vehicle of Yasame14) moved too quickly! 21.422659802961107,0.0,4.1875720867192285
[21:02:32] [Server thread/WARN]: Boat (vehicle of Yasame14) moved too quickly! 21.63096807884517,0.0,4.1875720867192285
[21:02:32] [Server thread/WARN]: Boat (vehicle of Yasame14) moved too quickly! 21.85763216374812,0.0,4.1875720867192285
[21:02:32] [Server thread/WARN]: Boat (vehicle of Yasame14) moved too quickly! 22.1013810142731,0.0,4.1875720867192285
[21:02:32] [Server thread/WARN]: Boat (vehicle of Yasame14) moved too quickly! 22.3607367340187,0.0,4.1875720867192285
[21:02:32] [Server thread/WARN]: Boat (vehicle of Yasame14) moved too quickly! 22.63411981924969,0.0,4.1892896170265885
[21:02:32] [Server thread/WARN]: Boat (vehicle of Yasame14) moved too quickly! 22.919927168344202,0.0,4.195183291863032
[21:02:32] [Server thread/WARN]: Boat (vehicle of Yasame14) moved too quickly! 23.21669918882185,0.0,4.206497138198756
[21:02:32] [Server thread/WARN]: Boat (vehicle of Yasame14) moved too quickly! 23.523209683773302,0.0,4.223487845185446
[21:02:32] [Server thread/WARN]: Boat (vehicle of Yasame14) moved too quickly! 23.83847957148646,0.0,4.245617956422393
[21:02:32] [Server thread/WARN]: Boat (vehicle of Yasame14) moved too quickly! 24.161742156614082,0.0,4.27171136380548
[21:02:32] [Server thread/WARN]: Boat (vehicle of Yasame14) moved too quickly! 24.492378123097296,0.0,4.300084244236132
[21:02:32] [Server thread/WARN]: Boat (vehicle of Yasame14) moved too quickly! 24.82977656897765,0.0,4.329342016327246
[21:02:32] [Server thread/WARN]: Boat (vehicle of Yasame14) moved too quickly! 25.17334563142981,0.0,4.358344983119423
[21:02:32] [Server thread/WARN]: Boat (vehicle of Yasame14) moved too quickly! 25.52252039153791,0.0,4.386172845654073
[21:02:32] [Server thread/WARN]: Boat (vehicle of Yasame14) moved too quickly! 25.87676811104666,0.0,4.412088386688993
[21:02:32] [Server thread/WARN]: Boat (vehicle of Yasame14) moved too quickly! 26.235590907703454,0.0,4.435515916587974
[21:02:32] [Server thread/WARN]: Boat (vehicle of Yasame14) moved too quickly! 26.59852716841465,0.0,4.456017800898735
[21:02:32] [Server thread/WARN]: Boat (vehicle of Yasame14) moved too quickly! 26.965151554486283,0.0,4.473261669979365
[21:02:32] [Server thread/WARN]: Boat (vehicle of Yasame14) moved too quickly! 27.335074428921644,0.0,4.487013814418788
[21:02:32] [Server thread/WARN]: Boat (vehicle of Yasame14) moved too quickly! 27.707940595930495,0.0,4.497121671395689
[21:02:32] [Server thread/WARN]: Boat (vehicle of Yasame14) moved too quickly! 28.08342723889041,0.0,4.503494202945149
[21:02:32] [Server thread/WARN]: Boat (vehicle of Yasame14) moved too quickly! 28.46124256370058,0.0,4.506099528367486
[21:02:32] [Server thread/WARN]: Boat (vehicle of Yasame14) moved too quickly! 28.84112320689428,0.0,4.504947479425027
[21:02:32] [Server thread/WARN]: Boat (vehicle of Yasame14) moved too quickly! 29.222832446831262,0.0,4.50008537321537
[21:02:32] [Server thread/WARN]: Boat (vehicle of Yasame14) moved too quickly! 29.606157707152988,0.0,4.491586569981337
[21:02:32] [Server thread/WARN]: Boat (vehicle of Yasame14) moved too quickly! 29.990908816531146,0.0,4.4795478173400625
[21:02:32] [Server thread/WARN]: Boat (vehicle of Yasame14) moved too quickly! 30.376915950703506,0.0,4.464083049349028
[21:02:32] [Server thread/WARN]: Boat (vehicle of Yasame14) moved too quickly! 30.76402807832892,0.0,4.445321621765288
[21:02:32] [Server thread/WARN]: Boat (vehicle of Yasame14) moved too quickly! 31.152110545253436,0.0,4.423399115795291
[21:02:32] [Server thread/WARN]: Boat (vehicle of Yasame14) moved too quickly! 31.541043716187914,0.0,4.398456685285055
[21:02:32] [Server thread/WARN]: Boat (vehicle of Yasame14) moved too quickly! 31.93072172614052,0.0,4.370640471050137
[21:02:32] [Server thread/WARN]: Boat (vehicle of Yasame14) moved too quickly! 32.321050272647426,0.0,4.34009347743995
[21:02:32] [Server thread/WARN]: Boat (vehicle of Yasame14) moved too quickly! 32.71194666278802,0.0,4.30696346462355
[21:02:32] [Server thread/WARN]: Boat (vehicle of Yasame14) moved too quickly! 33.10333773208413,0.0,4.271394857114501
[21:02:32] [Server thread/WARN]: Boat (vehicle of Yasame14) moved too quickly! 33.49515899223775,0.0,4.233529066629671
[21:02:32] [Server thread/WARN]: Boat (vehicle of Yasame14) moved too quickly! 33.88735384919505,0.0,4.19350477939588
[21:02:32] [Server thread/WARN]: Boat (vehicle of Yasame14) moved too quickly! 34.27987231825796,0.0,4.151454426575583
[21:02:32] [Server thread/WARN]: Boat (vehicle of Yasame14) moved too quickly! 34.67267040412662,0.0,4.107504802791482
[21:02:32] [Server thread/WARN]: Boat (vehicle of Yasame14) moved too quickly! 35.06570955411348,0.0,4.061777623721355
[21:02:32] [Server thread/WARN]: Boat (vehicle of Yasame14) moved too quickly! 35.45895614368419,0.0,4.014390027944501
[21:02:32] [Server thread/WARN]: Boat (vehicle of Yasame14) moved too quickly! 35.85238102834569,0.0,3.9654550290606494
[21:02:32] [Server thread/WARN]: Boat (vehicle of Yasame14) moved too quickly! 36.24595851449703,0.0,3.915078137706587
[21:02:32] [Server thread/WARN]: Boat (vehicle of Yasame14) moved too quickly! 36.63966602551545,0.0,3.8633581085914557
[21:02:32] [Server thread/WARN]: Boat (vehicle of Yasame14) moved too quickly! 37.033484423358004,0.0,3.8103914000548684
[21:02:32] [Server thread/WARN]: Boat (vehicle of Yasame14) moved too quickly! 37.42739644653352,0.0,3.7562648306538904
[21:02:32] [Server thread/WARN]: Boat (vehicle of Yasame14) moved too quickly! 37.82138777041973,0.0,3.7010641110673532
[21:02:32] [Server thread/WARN]: Boat (vehicle of Yasame14) moved too quickly! 38.21544547678013,0.0,3.644866384631314
[21:02:32] [Server thread/WARN]: Boat (vehicle of Yasame14) moved too quickly! 38.609558546424296,0.0,3.58774486756829
[21:02:32] [Server thread/WARN]: Boat (vehicle of Yasame14) moved too quickly! 39.00371766930334,0.0,3.5297692403037217
[21:02:32] [Server thread/WARN]: Boat (vehicle of Yasame14) moved too quickly! 39.397914458923196,0.0,3.4710022175477206
[21:02:32] [Server thread/WARN]: Boat (vehicle of Yasame14) moved too quickly! 39.79214198583736,0.0,3.4115040269653036
[21:02:32] [Server thread/WARN]: Boat (vehicle of Yasame14) moved too quickly! 40.18639463566751,0.0,3.3513326564880117
[21:02:32] [Server thread/WARN]: Boat (vehicle of Yasame14) moved too quickly! 40.58066735547368,0.0,3.2905402966480324
[21:02:32] [Server thread/WARN]: Boat (vehicle of Yasame14) moved too quickly! 40.9749555901592,0.0,3.229173919855384
[21:02:32] [Server thread/WARN]: Boat (vehicle of Yasame14) moved too quickly! 41.36925587343649,0.0,3.167279583378331
[21:02:32] [Server thread/WARN]: Boat (vehicle of Yasame14) moved too quickly! 41.76356508192157,0.0,3.1048987396898156
[21:02:32] [Server thread/WARN]: Boat (vehicle of Yasame14) moved too quickly! 42.157880400843624,0.0,3.0420686960133025
[21:02:32] [Server thread/WARN]: Boat (vehicle of Yasame14) moved too quickly! 42.552199937659,0.0,2.9788268104839517
[21:02:32] [Server thread/WARN]: Boat (vehicle of Yasame14) moved too quickly! 42.94652198535323,0.0,2.9152067058894318
[21:02:32] [Server thread/WARN]: Boat (vehicle of Yasame14) moved too quickly! 43.3408450076131,0.0,2.8512386427373713
[21:02:32] [Server thread/WARN]: Boat (vehicle of Yasame14) moved too quickly! 43.73516761803148,0.0,2.7869498559493877
[21:02:32] [Server thread/WARN]: Boat (vehicle of Yasame14) moved too quickly! 44.12948856884236,0.0,2.7223648569552097
[21:02:32] [Server thread/WARN]: Boat (vehicle of Yasame14) moved too quickly! 44.52368397011401,0.0,2.656822530639147
[21:02:32] [Server thread/WARN]: Boat (vehicle of Yasame14) moved too quickly! 44.91749796591216,0.0,2.589115295991178
[21:02:32] [Server thread/WARN]: Boat (vehicle of Yasame14) moved too quickly! 45.310511108209994,0.0,2.5176175027445424
[21:02:32] [Server thread/WARN]: Boat (vehicle of Yasame14) moved too quickly! 45.702317924314,0.0,2.4410723219834836
[21:02:32] [Server thread/WARN]: Boat (vehicle of Yasame14) moved too quickly! 46.09254339699805,0.0,2.3585328931676486
[21:02:32] [Server thread/WARN]: Boat (vehicle of Yasame14) moved too quickly! 46.48085084895774,0.0,2.269305744788653
[21:02:32] [Server thread/WARN]: Boat (vehicle of Yasame14) moved too quickly! 46.86695012287919,0.0,2.1729144593346064
[21:02:32] [Server thread/WARN]: Boat (vehicle of Yasame14) moved too quickly! 47.25059739233552,0.0,2.0690566359407967
[21:02:32] [Server thread/WARN]: Boat (vehicle of Yasame14) moved too quickly! 47.63159509217871,0.0,1.9575727461260612
[21:02:32] [Server thread/WARN]: Boat (vehicle of Yasame14) moved too quickly! 48.00979153551566,0.0,1.838421976394784
[21:02:32] [Server thread/WARN]: Boat (vehicle of Yasame14) moved too quickly! 48.38507528280047,0.0,1.7116541535833676
[21:02:32] [Server thread/WARN]: Boat (vehicle of Yasame14) moved too quickly! 48.75737216763082,0.0,1.5773917699325466
[21:02:32] [Server thread/WARN]: Boat (vehicle of Yasame14) moved too quickly! 49.12664356246273,0.0,1.435817448983471
[21:02:32] [Server thread/WARN]: Boat (vehicle of Yasame14) moved too quickly! 49.49287803772586,0.0,1.28715315608315
[21:02:32] [Server thread/WARN]: Boat (vehicle of Yasame14) moved too quickly! 49.85609313100031,0.0,1.131658149199211
[21:02:32] [Server thread/WARN]: Boat (vehicle of Yasame14) moved too quickly! 50.21632623279197,0.0,0.9696111550219939
[21:02:32] [Server thread/WARN]: Boat (vehicle of Yasame14) moved too quickly! 50.57363414723409,0.0,0.8013074833161227
[21:02:32] [Server thread/WARN]: Boat (vehicle of Yasame14) moved too quickly! 50.9280881593163,0.0,0.6270502104707703
[21:02:32] [Server thread/WARN]: Boat (vehicle of Yasame14) moved too quickly! 51.2797736336056,0.0,0.4471487322825851
[21:02:32] [Server thread/WARN]: Boat (vehicle of Yasame14) moved too quickly! 51.62878281346093,0.0,0.2619081743141578
[21:02:32] [Server thread/WARN]: Boat (vehicle of Yasame14) moved too quickly! 51.97521699790309,0.0,0.07163251416568528
[21:02:32] [Server thread/WARN]: Boat (vehicle of Yasame14) moved too quickly! 52.31918168724019,0.0,-0.12338189749243611
[21:02:32] [Server thread/WARN]: Boat (vehicle of Yasame14) moved too quickly! 52.6607865838962,0.0,-0.3228458703888464
[21:02:32] [Server thread/WARN]: Boat (vehicle of Yasame14) moved too quickly! 53.0001432387744,0.0,-0.5264799852930082
[21:02:32] [Server thread/WARN]: Boat (vehicle of Yasame14) moved too quickly! 53.33736282867494,0.0,-0.7340168802666085
[21:02:32] [Server thread/WARN]: Boat (vehicle of Yasame14) moved too quickly! 53.67255641349766,0.0,-0.9452002032585369
[21:02:32] [Server thread/WARN]: Boat (vehicle of Yasame14) moved too quickly! 53.97423063184647,0.0,-1.1352651889164918
[21:02:32] [Server thread/WARN]: Boat (vehicle of Yasame14) moved too quickly! 54.24573742116809,0.0,-1.3063236714770028
[21:02:32] [Server thread/WARN]: Boat (vehicle of Yasame14) moved too quickly! 54.48616302623827,0.0,-1.4571858036651975
[21:02:32] [Server thread/WARN]: Boat (vehicle of Yasame14) moved too quickly! 54.698623876414786,0.0,-1.5898606809896592
[21:02:32] [Server thread/WARN]: Boat (vehicle of Yasame14) moved too quickly! 54.885924190403784,0.0,-1.706157262125089
[21:02:32] [Server thread/WARN]: Boat (vehicle of Yasame14) moved too quickly! 55.05058689139378,0.0,-1.8077047528004186
[21:02:32] [Server thread/WARN]: Boat (vehicle of Yasame14) moved too quickly! 55.19488202974708,0.0,-1.8959702013526112
[21:02:32] [Server thread/WARN]: Boat (vehicle of Yasame14) moved too quickly! 55.32085206539955,0.0,-1.9722747112091383
[21:02:32] [Server thread/WARN]: Boat (vehicle of Yasame14) moved too quickly! 55.43033462271774,0.0,-2.0378080311911617
[21:02:32] [Server thread/WARN]: Boat (vehicle of Yasame14) moved too quickly! 55.52498327231615,0.0,-2.09364131658549
[21:02:32] [Server thread/WARN]: Boat (vehicle of Yasame14) moved too quickly! 55.606285330379706,0.0,-2.1407397305338236
[21:02:32] [Server thread/WARN]: Boat (vehicle of Yasame14) moved too quickly! 55.67557938725986,0.0,-2.179971924729216
[21:02:32] [Server thread/WARN]: Boat (vehicle of Yasame14) moved too quickly! 55.7340695742364,0.0,-2.212120433526252
[21:02:32] [Server thread/WARN]: Boat (vehicle of Yasame14) moved too quickly! 55.78283931047781,0.0,-2.237889912218634
[21:02:32] [Server thread/WARN]: Boat (vehicle of Yasame14) moved too quickly! 55.82286337285859,0.0,-2.257914924711258
[21:02:32] [Server thread/WARN]: Boat (vehicle of Yasame14) moved too quickly! 55.855018759725,0.0,-2.272766951498852
[21:02:32] [Server thread/WARN]: Boat (vehicle of Yasame14) moved too quickly! 55.88009446735418,0.0,-2.2829606973082264
[21:02:32] [Server thread/WARN]: Boat (vehicle of Yasame14) moved too quickly! 55.898800594471595,0.0,-2.288959397779763
[21:02:32] [Server thread/WARN]: Boat (vehicle of Yasame14) moved too quickly! 55.911775926535256,0.0,-2.2911803365759624
[21:02:32] [Server thread/WARN]: Boat (vehicle of Yasame14) moved too quickly! 55.91959506706371,0.0,-2.289999439649364
[21:02:32] [Server thread/WARN]: Boat (vehicle of Yasame14) moved too quickly! 55.92277516014133,0.0,-2.2857550415119476
[21:02:32] [Server thread/WARN]: Boat (vehicle of Yasame14) moved too quickly! 55.92178133088919,0.0,-2.2787520131851124
[21:02:32] [Server thread/WARN]: Boat (vehicle of Yasame14) moved too quickly! 55.917032192603756,0.0,-2.2692647392786967
[21:02:32] [Server thread/WARN]: Boat (vehicle of Yasame14) moved too quickly! 55.908904497940284,0.0,-2.2575401666335893
[21:02:32] [Server thread/WARN]: Boat (vehicle of Yasame14) moved too quickly! 55.89773701903846,0.0,-2.243800916670807
[21:02:32] [Server thread/WARN]: Boat (vehicle of Yasame14) moved too quickly! 55.8838346510488,0.0,-2.2282473495943123
[21:02:32] [Server thread/WARN]: Boat (vehicle of Yasame14) moved too quickly! 55.86747149459143,0.0,-2.2110601586200573
[21:02:32] [Server thread/WARN]: Boat (vehicle of Yasame14) moved too quickly! 55.84889423998516,0.0,-2.192401967638034
[21:02:32] [Server thread/WARN]: Boat (vehicle of Yasame14) moved too quickly! 55.82832521491582,0.0,-2.172418769574506
[21:02:32] [Server thread/WARN]: Boat (vehicle of Yasame14) moved too quickly! 55.805963902183976,0.0,-2.151242695899782
[21:02:32] [Server thread/WARN]: Boat (vehicle of Yasame14) moved too quickly! 55.781990142710356,0.0,-2.128992296130491
[21:02:32] [Server thread/WARN]: Boat (vehicle of Yasame14) moved too quickly! 55.756565793319396,0.0,-2.1057742650609725
[21:02:32] [Server thread/WARN]: Boat (vehicle of Yasame14) moved too quickly! 55.7298362192098,0.0,-2.081684997040611
[21:02:32] [Server thread/WARN]: Boat (vehicle of Yasame14) moved too quickly! 55.70193224882382,0.0,-2.0568112469818516
[21:02:32] [Server thread/WARN]: Boat (vehicle of Yasame14) moved too quickly! 55.672971628222285,0.0,-2.031231094303621
[21:02:32] [Server thread/WARN]: Boat (vehicle of Yasame14) moved too quickly! 55.643060328624415,0.0,-2.005014810247303
[21:02:32] [Server thread/WARN]: Boat (vehicle of Yasame14) moved too quickly! 55.612293724124584,0.0,-1.9782256393955322
[21:02:32] [Server thread/WARN]: Boat (vehicle of Yasame14) moved too quickly! 55.58075765140575,0.0,-1.9509205016374835
[21:02:32] [Server thread/WARN]: Boat (vehicle of Yasame14) moved too quickly! 55.548529363713214,0.0,-1.9231506248725054
[21:02:32] [Server thread/WARN]: Boat (vehicle of Yasame14) moved too quickly! 55.51567808256095,0.0,-1.8949624830129324
[21:02:32] [Server thread/WARN]: Boat (vehicle of Yasame14) moved too quickly! 55.482266413715024,0.0,-1.866397533774034
[21:02:32] [Server thread/WARN]: Boat (vehicle of Yasame14) moved too quickly! 55.44835039595796,0.0,-1.837493457902383
[21:02:32] [Server thread/WARN]: Boat (vehicle of Yasame14) moved too quickly! 55.41398077059807,0.0,-1.808283799498895
[21:02:32] [Server thread/WARN]: Boat (vehicle of Yasame14) moved too quickly! 55.37920289840645,0.0,-1.778799116823393
[21:02:32] [Server thread/WARN]: Boat (vehicle of Yasame14) moved too quickly! 55.34405791024824,0.0,-1.7490665435070696
[21:02:32] [Server thread/WARN]: Boat (vehicle of Yasame14) moved too quickly! 55.308582517729064,0.0,-1.719110868619282
[21:02:32] [Server thread/WARN]: Boat (vehicle of Yasame14) moved too quickly! 55.27280976129282,0.0,-1.6889544023224516
[21:02:32] [Server thread/WARN]: Boat (vehicle of Yasame14) moved too quickly! 55.236769684208866,0.0,-1.6586168551912124
[21:02:32] [Server thread/WARN]: Boat (vehicle of Yasame14) moved too quickly! 55.200489018548524,0.0,-1.6281163353132797
[21:02:32] [Server thread/WARN]: Boat (vehicle of Yasame14) moved too quickly! 55.16399182317514,0.0,-1.597469139966961
[21:02:32] [Server thread/WARN]: Boat (vehicle of Yasame14) moved too quickly! 55.127299751065266,0.0,-1.5666899367033693
[21:02:32] [Server thread/WARN]: Boat (vehicle of Yasame14) moved too quickly! 55.09043228989708,0.0,-1.5357919263169606
[21:02:32] [Server thread/WARN]: Boat (vehicle of Yasame14) moved too quickly! 55.05340728475289,0.0,-1.5047866211853034
[21:02:32] [Server thread/WARN]: Boat (vehicle of Yasame14) moved too quickly! 55.016240490034306,0.0,-1.4736847507847415
[21:02:32] [Server thread/WARN]: Boat (vehicle of Yasame14) moved too quickly! 54.978946084701874,0.0,-1.4424959716443482
[21:02:32] [Server thread/WARN]: Boat (vehicle of Yasame14) moved too quickly! 54.94153682982005,0.0,-1.411228974640835
[21:02:32] [Server thread/WARN]: Boat (vehicle of Yasame14) moved too quickly! 54.904024210346506,0.0,-1.3798915815623332
[21:02:32] [Server thread/WARN]: Boat (vehicle of Yasame14) moved too quickly! 54.86641856274309,0.0,-1.3484908320178874
[21:02:32] [Server thread/WARN]: Boat (vehicle of Yasame14) moved too quickly! 54.8287291898248,0.0,-1.3170330616549109
[21:02:32] [Server thread/WARN]: Boat (vehicle of Yasame14) moved too quickly! 54.79096446412518,0.0,-1.2855239725577121
[21:02:32] [Server thread/WARN]: Boat (vehicle of Yasame14) moved too quickly! 54.753131920924034,0.0,-1.2539686966001682
[21:02:32] [Server thread/WARN]: Boat (vehicle of Yasame14) moved too quickly! 54.715238648611376,0.0,-1.2223714838992237
[21:02:32] [Server thread/WARN]: Boat (vehicle of Yasame14) moved too quickly! 54.67729072009956,0.0,-1.1907365281294915
[21:02:32] [Server thread/WARN]: Boat (vehicle of Yasame14) moved too quickly! 54.63929360100997,0.0,-1.159067603598487
[21:02:32] [Server thread/WARN]: Boat (vehicle of Yasame14) moved too quickly! 54.6012522104013,0.0,-1.1273681071843384
[21:02:32] [Server thread/WARN]: Boat (vehicle of Yasame14) moved too quickly! 54.56317097542683,0.0,-1.0956410960752692
[21:02:32] [Server thread/WARN]: Boat (vehicle of Yasame14) moved too quickly! 54.525053880523956,0.0,-1.0638893217419536
[21:02:32] [Server thread/WARN]: Boat (vehicle of Yasame14) moved too quickly! 54.48690451168636,0.0,-1.0321152605065436
[21:02:32] [Server thread/WARN]: Boat (vehicle of Yasame14) moved too quickly! 54.44872609630829,0.0,-1.0003211410603399
[21:02:32] [Server thread/WARN]: Boat (vehicle of Yasame14) moved too quickly! 54.41052153904434,0.0,-0.9685089692247857
[21:02:32] [Server thread/WARN]: Boat (vehicle of Yasame14) moved too quickly! 54.372293454083774,0.0,-0.9366805502395437
[21:02:32] [Server thread/WARN]: Boat (vehicle of Yasame14) moved too quickly! 54.33404419419708,0.0,-0.9048375088195826
[21:02:32] [Server thread/WARN]: Boat (vehicle of Yasame14) moved too quickly! 54.29577587687709,0.0,-0.8729813072086472
[21:02:32] [Server thread/WARN]: Boat (vehicle of Yasame14) moved too quickly! 54.257490407867635,0.0,-0.8411132614264716
[21:02:32] [Server thread/WARN]: Boat (vehicle of Yasame14) moved too quickly! 54.21918950233817,0.0,-0.8092345558907255
[21:02:32] [Server thread/WARN]: Boat (vehicle of Yasame14) moved too quickly! 54.18087470394107,0.0,-0.777346256576493
[21:02:32] [Server thread/WARN]: Boat (vehicle of Yasame14) moved too quickly! 54.142547401963384,0.0,-0.745449322861532
[21:02:32] [Server thread/WARN]: Boat (vehicle of Yasame14) moved too quickly! 54.10420884676341,0.0,-0.7135446181873704
[21:02:32] [Server thread/WARN]: Boat (vehicle of Yasame14) moved too quickly! 54.06586016366373,0.0,-0.6816329196490187
[21:02:32] [Server thread/WARN]: Boat (vehicle of Yasame14) moved too quickly! 54.02750236545444,0.0,-0.6497149266333508
[21:02:32] [Server thread/WARN]: Boat (vehicle of Yasame14) moved too quickly! 53.98913636364682,0.0,-0.6177912685880074
[21:02:32] [Server thread/WARN]: Boat (vehicle of Yasame14) moved too quickly! 53.950762978601006,0.0,-0.5858625120163197
[21:02:32] [Server thread/WARN]: Boat (vehicle of Yasame14) moved too quickly! 53.9123829486407,0.0,-0.5539291667710131
[21:02:32] [Server thread/WARN]: Boat (vehicle of Yasame14) moved too quickly! 53.87399693825773,0.0,-0.5219916917203591
[21:02:34] [Server thread/INFO]: [Not Secure] <Celxex> va dar lagazo
[21:02:39] [Server thread/WARN]: Boat (vehicle of Yasame14) moved too quickly! 9.154344184044703,0.0,4.303898296633633
[21:02:39] [Server thread/WARN]: Boat (vehicle of Yasame14) moved too quickly! 9.533155263511844,0.0,4.392359445909278
[21:02:39] [Server thread/WARN]: Boat (vehicle of Yasame14) moved too quickly! 9.914071016849448,0.0,4.470908487726774
[21:02:39] [Server thread/WARN]: Boat (vehicle of Yasame14) moved too quickly! 10.296853890034527,0.0,4.5397854819466374
[21:02:39] [Server thread/WARN]: Boat (vehicle of Yasame14) moved too quickly! 10.681280581236479,0.0,4.5992798420184045
[21:02:39] [Server thread/WARN]: Boat (vehicle of Yasame14) moved too quickly! 11.067144039139293,0.0,4.649721575028707
[21:02:39] [Server thread/WARN]: Boat (vehicle of Yasame14) moved too quickly! 11.45425429658144,0.0,4.691469507142756
[21:02:39] [Server thread/WARN]: Boat (vehicle of Yasame14) moved too quickly! 11.842438490674567,0.0,4.724900665199129
[21:02:39] [Server thread/WARN]: Boat (vehicle of Yasame14) moved too quickly! 12.231540702096709,0.0,4.75040452925532
[21:02:39] [Server thread/WARN]: Boat (vehicle of Yasame14) moved too quickly! 12.621420968539724,0.0,4.7683740507691255
[21:02:39] [Server thread/WARN]: Boat (vehicle of Yasame14) moved too quickly! 13.011954959332797,0.0,4.779205195096438
[21:02:39] [Server thread/WARN]: Boat (vehicle of Yasame14) moved too quickly! 13.403033000872938,0.0,4.783292726217951
[21:02:39] [Server thread/WARN]: Boat (vehicle of Yasame14) moved too quickly! 13.79455839112643,0.0,4.781022634618239
[21:02:39] [Server thread/WARN]: Boat (vehicle of Yasame14) moved too quickly! 14.186446176977142,0.0,4.7727691459222115
[21:02:39] [Server thread/WARN]: Boat (vehicle of Yasame14) moved too quickly! 14.578623122998806,0.0,4.758899612425012
[21:02:39] [Server thread/WARN]: Boat (vehicle of Yasame14) moved too quickly! 14.97102516132827,0.0,4.739763778222368
[21:02:39] [Server thread/WARN]: Boat (vehicle of Yasame14) moved too quickly! 15.363597436033615,0.0,4.715699274166582
[21:02:43] [Server thread/INFO]: [Not Secure] <Celxex> es normal cuando estamos en zonas nuevas
[21:02:48] [Server thread/WARN]: Boat (vehicle of Yasame14) moved too quickly! 8.237757966410527,0.0,-6.211806275235176
[21:02:48] [Server thread/WARN]: Boat (vehicle of Yasame14) moved too quickly! 8.491034214364618,0.0,-6.413339469626408
[21:02:48] [Server thread/WARN]: Boat (vehicle of Yasame14) moved too quickly! 8.718982831484709,0.0,-6.594719339773292
[21:02:48] [Server thread/WARN]: Boat (vehicle of Yasame14) moved too quickly! 8.924136581458015,0.0,-6.757961218580931
[21:02:48] [Server thread/WARN]: Boat (vehicle of Yasame14) moved too quickly! 9.108774951542728,0.0,-6.904878905615988
[21:02:48] [Server thread/WARN]: Boat (vehicle of Yasame14) moved too quickly! 9.274949480216947,0.0,-7.037104820445165
[21:02:48] [Server thread/WARN]: Boat (vehicle of Yasame14) moved too quickly! 9.424506552061757,0.0,-7.156108140638935
[21:02:48] [Server thread/WARN]: Boat (vehicle of Yasame14) moved too quickly! 9.559107913156367,0.0,-7.263211125975431
[21:02:48] [Server thread/WARN]: Boat (vehicle of Yasame14) moved too quickly! 9.68024913493241,0.0,-7.359603810225053
[21:02:48] [Server thread/WARN]: Boat (vehicle of Yasame14) moved too quickly! 9.789276231642589,0.0,-7.446357223751875
[21:02:48] [Server thread/WARN]: Boat (vehicle of Yasame14) moved too quickly! 9.88740061608246,0.0,-7.5244352938570955
[21:02:48] [Server thread/WARN]: Boat (vehicle of Yasame14) moved too quickly! 9.975712559738668,0.0,-7.594705555090513
[21:02:48] [Server thread/WARN]: Boat (vehicle of Yasame14) moved too quickly! 10.055193306923911,0.0,-7.657948788525573
[21:02:48] [Server thread/WARN]: Boat (vehicle of Yasame14) moved too quickly! 10.126725977495653,0.0,-7.7148676971091845
[21:02:48] [Server thread/WARN]: Boat (vehicle of Yasame14) moved too quickly! 10.191105379304645,0.0,-7.766094713477287
[21:02:48] [Server thread/WARN]: Boat (vehicle of Yasame14) moved too quickly! 10.249046839397806,0.0,-7.8121990269874
[21:02:48] [Server thread/WARN]: Boat (vehicle of Yasame14) moved too quickly! 10.301194152100152,0.0,-7.853692908047378
[21:02:48] [Server thread/WARN]: Boat (vehicle of Yasame14) moved too quickly! 10.348126732289074,0.0,-7.891037400011555
[21:02:48] [Server thread/WARN]: Boat (vehicle of Yasame14) moved too quickly! 10.39036605334013,0.0,-7.924647441888737
[21:02:48] [Server thread/WARN]: Boat (vehicle of Yasame14) moved too quickly! 10.428381441279043,0.0,-7.9548964787773
[21:02:48] [Server thread/WARN]: Boat (vehicle of Yasame14) moved too quickly! 10.462595289517594,0.0,-7.982120611255596
[21:02:48] [Server thread/WARN]: Boat (vehicle of Yasame14) moved too quickly! 10.493387752116632,0.0,-8.006622329837228
[21:02:48] [Server thread/WARN]: Boat (vehicle of Yasame14) moved too quickly! 10.521100967721623,0.0,-8.028673875976892
[21:02:48] [Server thread/WARN]: Boat (vehicle of Yasame14) moved too quickly! 10.546042861105434,0.0,-8.048520266976084
[21:02:48] [Server thread/WARN]: Boat (vehicle of Yasame14) moved too quickly! 10.568490564556214,0.0,-8.066382018402692
[21:02:48] [Server thread/WARN]: Boat (vehicle of Yasame14) moved too quickly! 10.58869349712677,0.0,-8.082457594260632
[21:02:48] [Server thread/INFO]: [Not Secure] <Celxex> queseso
[21:02:52] [Server thread/INFO]: Named entity class_1628['Grumm'/17685, l='ServerLevel[Celysm]', x=1843.53, y=-7.00, z=4301.53] died: Grumm suffocated in a wall
[21:02:52] [Server thread/INFO]: [Not Secure] <Yasame14> castllo
[21:02:52] [Server thread/INFO]: [Not Secure] <Celxex> un castillo
[21:03:03] [Server thread/INFO]: [Not Secure] <Celxex> espera
[21:03:03] [Server thread/INFO]: [Not Secure] <Yasame14> haga de dia parde
[21:03:06] [Server thread/WARN]: Can't keep up! Is the server overloaded? Running 18357ms or 367 ticks behind
[21:03:06] [Server thread/INFO]: [Not Secure] <Celxex> bajemos
[21:03:09] [Server thread/INFO]: [Not Secure] <Celxex> veo bioma bonito
[21:03:14] [Server thread/INFO]: [Celxex: Set the time to 1000]
[21:03:27] [Server thread/WARN]: Boat (vehicle of Yasame14) moved too quickly! -1.8848959677964103,0.0,-9.97240043846341
[21:03:27] [Server thread/WARN]: Boat (vehicle of Yasame14) moved too quickly! -1.9774243420388302,0.0,-10.106551639578356
[21:03:27] [Server thread/WARN]: Boat (vehicle of Yasame14) moved too quickly! -2.060699876650915,0.0,-10.22728771738366
[21:03:27] [Server thread/WARN]: Boat (vehicle of Yasame14) moved too quickly! -2.135647855816387,0.0,-10.335950184529793
[21:03:27] [Server thread/WARN]: Boat (vehicle of Yasame14) moved too quickly! -2.2031010352784506,0.0,-10.433746402370161
[21:03:27] [Server thread/WARN]: Boat (vehicle of Yasame14) moved too quickly! -2.2638088951860027,0.0,-10.521762996095276
[21:03:27] [Server thread/WARN]: Boat (vehicle of Yasame14) moved too quickly! -2.318445967655407,0.0,-10.600977928349494
[21:03:27] [Server thread/WARN]: Boat (vehicle of Yasame14) moved too quickly! -2.36761933157527,0.0,-10.672271365488996
[21:03:27] [Server thread/WARN]: Boat (vehicle of Yasame14) moved too quickly! -2.4118753579307395,0.0,-10.73643545721552
[21:03:27] [Server thread/WARN]: Boat (vehicle of Yasame14) moved too quickly! -2.451705780595603,0.0,-10.794183138239532
[21:03:27] [Server thread/WARN]: Boat (vehicle of Yasame14) moved too quickly! -2.487553160044399,0.0,-10.84615604978444
[21:03:27] [Server thread/WARN]: Boat (vehicle of Yasame14) moved too quickly! -2.51981580069355,0.0,-10.89293166893549
[21:03:27] [Server thread/WARN]: Can't keep up! Is the server overloaded? Running 2730ms or 54 ticks behind
[21:03:34] [Server thread/INFO]: [Not Secure] <Celxex> veni
[21:04:00] [Netty Epoll Server IO #3/ERROR]: Exception occurred in netty pipeline
io.netty.handler.codec.DecoderException: java.lang.IndexOutOfBoundsException: Index 50 out of bounds for length 1
	at io.netty.handler.codec.ByteToMessageDecoder.callDecode(ByteToMessageDecoder.java:489) ~[netty-codec-4.1.82.Final.jar:?]
	at io.netty.handler.codec.ByteToMessageDecoder.channelRead(ByteToMessageDecoder.java:280) ~[netty-codec-4.1.82.Final.jar:?]
	at io.netty.channel.AbstractChannelHandlerContext.invokeChannelRead(AbstractChannelHandlerContext.java:379) ~[netty-transport-4.1.82.Final.jar:?]
	at io.netty.channel.AbstractChannelHandlerContext.invokeChannelRead(AbstractChannelHandlerContext.java:365) ~[netty-transport-4.1.82.Final.jar:?]
	at io.netty.channel.AbstractChannelHandlerContext.fireChannelRead(AbstractChannelHandlerContext.java:357) ~[netty-transport-4.1.82.Final.jar:?]
	at io.netty.handler.codec.ByteToMessageDecoder.fireChannelRead(ByteToMessageDecoder.java:336) ~[netty-codec-4.1.82.Final.jar:?]
	at io.netty.handler.codec.ByteToMessageDecoder.fireChannelRead(ByteToMessageDecoder.java:323) ~[netty-codec-4.1.82.Final.jar:?]
	at io.netty.handler.codec.ByteToMessageDecoder.callDecode(ByteToMessageDecoder.java:444) ~[netty-codec-4.1.82.Final.jar:?]
	at io.netty.handler.codec.ByteToMessageDecoder.channelRead(ByteToMessageDecoder.java:280) ~[netty-codec-4.1.82.Final.jar:?]
	at io.netty.channel.AbstractChannelHandlerContext.invokeChannelRead(AbstractChannelHandlerContext.java:379) ~[netty-transport-4.1.82.Final.jar:?]
	at io.netty.channel.AbstractChannelHandlerContext.invokeChannelRead(AbstractChannelHandlerContext.java:365) ~[netty-transport-4.1.82.Final.jar:?]
	at io.netty.channel.AbstractChannelHandlerContext.fireChannelRead(AbstractChannelHandlerContext.java:357) ~[netty-transport-4.1.82.Final.jar:?]
	at net.minecraft.class_3238.channelRead(class_3238.java:95) ~[server-intermediary.jar:?]
	at io.netty.channel.AbstractChannelHandlerContext.invokeChannelRead(AbstractChannelHandlerContext.java:379) ~[netty-transport-4.1.82.Final.jar:?]
	at io.netty.channel.AbstractChannelHandlerContext.invokeChannelRead(AbstractChannelHandlerContext.java:365) ~[netty-transport-4.1.82.Final.jar:?]
	at io.netty.channel.AbstractChannelHandlerContext.fireChannelRead(AbstractChannelHandlerContext.java:357) ~[netty-transport-4.1.82.Final.jar:?]
	at io.netty.handler.timeout.IdleStateHandler.channelRead(IdleStateHandler.java:286) ~[netty-handler-4.1.82.Final.jar:?]
	at io.netty.channel.AbstractChannelHandlerContext.invokeChannelRead(AbstractChannelHandlerContext.java:379) ~[netty-transport-4.1.82.Final.jar:?]
	at io.netty.channel.AbstractChannelHandlerContext.invokeChannelRead(AbstractChannelHandlerContext.java:365) ~[netty-transport-4.1.82.Final.jar:?]
	at io.netty.channel.AbstractChannelHandlerContext.fireChannelRead(AbstractChannelHandlerContext.java:357) ~[netty-transport-4.1.82.Final.jar:?]
	at io.netty.channel.DefaultChannelPipeline$HeadContext.channelRead(DefaultChannelPipeline.java:1410) ~[netty-transport-4.1.82.Final.jar:?]
	at io.netty.channel.AbstractChannelHandlerContext.invokeChannelRead(AbstractChannelHandlerContext.java:379) ~[netty-transport-4.1.82.Final.jar:?]
	at io.netty.channel.AbstractChannelHandlerContext.invokeChannelRead(AbstractChannelHandlerContext.java:365) ~[netty-transport-4.1.82.Final.jar:?]
	at io.netty.channel.DefaultChannelPipeline.fireChannelRead(DefaultChannelPipeline.java:919) ~[netty-transport-4.1.82.Final.jar:?]
	at io.netty.channel.epoll.AbstractEpollStreamChannel$EpollStreamUnsafe.epollInReady(AbstractEpollStreamChannel.java:800) ~[netty-transport-classes-epoll-4.1.82.Final.jar:?]
	at io.netty.channel.epoll.EpollEventLoop.processReady(EpollEventLoop.java:499) ~[netty-transport-classes-epoll-4.1.82.Final.jar:?]
	at io.netty.channel.epoll.EpollEventLoop.run(EpollEventLoop.java:397) ~[netty-transport-classes-epoll-4.1.82.Final.jar:?]
	at io.netty.util.concurrent.SingleThreadEventExecutor$4.run(SingleThreadEventExecutor.java:997) ~[netty-common-4.1.82.Final.jar:?]
	at io.netty.util.internal.ThreadExecutorMap$2.run(ThreadExecutorMap.java:74) ~[netty-common-4.1.82.Final.jar:?]
	at java.lang.Thread.run(Thread.java:840) ~[?:?]
Caused by: java.lang.IndexOutOfBoundsException: Index 50 out of bounds for length 1
	at jdk.internal.util.Preconditions.outOfBounds(Preconditions.java:64) ~[?:?]
	at jdk.internal.util.Preconditions.outOfBoundsCheckIndex(Preconditions.java:70) ~[?:?]
	at jdk.internal.util.Preconditions.checkIndex(Preconditions.java:266) ~[?:?]
	at java.util.Objects.checkIndex(Objects.java:361) ~[?:?]
	at java.util.ArrayList.get(ArrayList.java:427) ~[?:?]
	at net.minecraft.class_2539$class_4532.method_22310(class_2539.java:458) ~[server-intermediary.jar:?]
	at net.minecraft.class_2539.method_10783(class_2539.java:522) ~[server-intermediary.jar:?]
	at net.minecraft.class_2543.decode(class_2543.java:32) ~[server-intermediary.jar:?]
	at io.netty.handler.codec.ByteToMessageDecoder.decodeRemovalReentryProtection(ByteToMessageDecoder.java:519) ~[netty-codec-4.1.82.Final.jar:?]
	at io.netty.handler.codec.ByteToMessageDecoder.callDecode(ByteToMessageDecoder.java:458) ~[netty-codec-4.1.82.Final.jar:?]
	... 29 more
[21:04:01] [Server thread/INFO]: [Not Secure] <Celxex> esperame un moment
[21:04:04] [Netty Epoll Server IO #4/ERROR]: Exception occurred in netty pipeline
io.netty.handler.codec.DecoderException: java.lang.IndexOutOfBoundsException: Index 3 out of bounds for length 1
	at io.netty.handler.codec.ByteToMessageDecoder.callDecode(ByteToMessageDecoder.java:489) ~[netty-codec-4.1.82.Final.jar:?]
	at io.netty.handler.codec.ByteToMessageDecoder.channelRead(ByteToMessageDecoder.java:280) ~[netty-codec-4.1.82.Final.jar:?]
	at io.netty.channel.AbstractChannelHandlerContext.invokeChannelRead(AbstractChannelHandlerContext.java:379) ~[netty-transport-4.1.82.Final.jar:?]
	at io.netty.channel.AbstractChannelHandlerContext.invokeChannelRead(AbstractChannelHandlerContext.java:365) ~[netty-transport-4.1.82.Final.jar:?]
	at io.netty.channel.AbstractChannelHandlerContext.fireChannelRead(AbstractChannelHandlerContext.java:357) ~[netty-transport-4.1.82.Final.jar:?]
	at io.netty.handler.codec.ByteToMessageDecoder.fireChannelRead(ByteToMessageDecoder.java:336) ~[netty-codec-4.1.82.Final.jar:?]
	at io.netty.handler.codec.ByteToMessageDecoder.fireChannelRead(ByteToMessageDecoder.java:323) ~[netty-codec-4.1.82.Final.jar:?]
	at io.netty.handler.codec.ByteToMessageDecoder.callDecode(ByteToMessageDecoder.java:444) ~[netty-codec-4.1.82.Final.jar:?]
	at io.netty.handler.codec.ByteToMessageDecoder.channelRead(ByteToMessageDecoder.java:280) ~[netty-codec-4.1.82.Final.jar:?]
	at io.netty.channel.AbstractChannelHandlerContext.invokeChannelRead(AbstractChannelHandlerContext.java:379) ~[netty-transport-4.1.82.Final.jar:?]
	at io.netty.channel.AbstractChannelHandlerContext.invokeChannelRead(AbstractChannelHandlerContext.java:365) ~[netty-transport-4.1.82.Final.jar:?]
	at io.netty.channel.AbstractChannelHandlerContext.fireChannelRead(AbstractChannelHandlerContext.java:357) ~[netty-transport-4.1.82.Final.jar:?]
	at net.minecraft.class_3238.channelRead(class_3238.java:95) ~[server-intermediary.jar:?]
	at io.netty.channel.AbstractChannelHandlerContext.invokeChannelRead(AbstractChannelHandlerContext.java:379) ~[netty-transport-4.1.82.Final.jar:?]
	at io.netty.channel.AbstractChannelHandlerContext.invokeChannelRead(AbstractChannelHandlerContext.java:365) ~[netty-transport-4.1.82.Final.jar:?]
	at io.netty.channel.AbstractChannelHandlerContext.fireChannelRead(AbstractChannelHandlerContext.java:357) ~[netty-transport-4.1.82.Final.jar:?]
	at io.netty.handler.timeout.IdleStateHandler.channelRead(IdleStateHandler.java:286) ~[netty-handler-4.1.82.Final.jar:?]
	at io.netty.channel.AbstractChannelHandlerContext.invokeChannelRead(AbstractChannelHandlerContext.java:379) ~[netty-transport-4.1.82.Final.jar:?]
	at io.netty.channel.AbstractChannelHandlerContext.invokeChannelRead(AbstractChannelHandlerContext.java:365) ~[netty-transport-4.1.82.Final.jar:?]
	at io.netty.channel.AbstractChannelHandlerContext.fireChannelRead(AbstractChannelHandlerContext.java:357) ~[netty-transport-4.1.82.Final.jar:?]
	at io.netty.channel.DefaultChannelPipeline$HeadContext.channelRead(DefaultChannelPipeline.java:1410) ~[netty-transport-4.1.82.Final.jar:?]
	at io.netty.channel.AbstractChannelHandlerContext.invokeChannelRead(AbstractChannelHandlerContext.java:379) ~[netty-transport-4.1.82.Final.jar:?]
	at io.netty.channel.AbstractChannelHandlerContext.invokeChannelRead(AbstractChannelHandlerContext.java:365) ~[netty-transport-4.1.82.Final.jar:?]
	at io.netty.channel.DefaultChannelPipeline.fireChannelRead(DefaultChannelPipeline.java:919) ~[netty-transport-4.1.82.Final.jar:?]
	at io.netty.channel.epoll.AbstractEpollStreamChannel$EpollStreamUnsafe.epollInReady(AbstractEpollStreamChannel.java:800) ~[netty-transport-classes-epoll-4.1.82.Final.jar:?]
	at io.netty.channel.epoll.EpollEventLoop.processReady(EpollEventLoop.java:499) ~[netty-transport-classes-epoll-4.1.82.Final.jar:?]
	at io.netty.channel.epoll.EpollEventLoop.run(EpollEventLoop.java:397) ~[netty-transport-classes-epoll-4.1.82.Final.jar:?]
	at io.netty.util.concurrent.SingleThreadEventExecutor$4.run(SingleThreadEventExecutor.java:997) ~[netty-common-4.1.82.Final.jar:?]
	at io.netty.util.internal.ThreadExecutorMap$2.run(ThreadExecutorMap.java:74) ~[netty-common-4.1.82.Final.jar:?]
	at java.lang.Thread.run(Thread.java:840) ~[?:?]
Caused by: java.lang.IndexOutOfBoundsException: Index 3 out of bounds for length 1
	at jdk.internal.util.Preconditions.outOfBounds(Preconditions.java:64) ~[?:?]
	at jdk.internal.util.Preconditions.outOfBoundsCheckIndex(Preconditions.java:70) ~[?:?]
	at jdk.internal.util.Preconditions.checkIndex(Preconditions.java:266) ~[?:?]
	at java.util.Objects.checkIndex(Objects.java:361) ~[?:?]
	at java.util.ArrayList.get(ArrayList.java:427) ~[?:?]
	at net.minecraft.class_2539$class_4532.method_22310(class_2539.java:458) ~[server-intermediary.jar:?]
	at net.minecraft.class_2539.method_10783(class_2539.java:522) ~[server-intermediary.jar:?]
	at net.minecraft.class_2543.decode(class_2543.java:32) ~[server-intermediary.jar:?]
	at io.netty.handler.codec.ByteToMessageDecoder.decodeRemovalReentryProtection(ByteToMessageDecoder.java:519) ~[netty-codec-4.1.82.Final.jar:?]
	at io.netty.handler.codec.ByteToMessageDecoder.callDecode(ByteToMessageDecoder.java:458) ~[netty-codec-4.1.82.Final.jar:?]
	... 29 more
[21:04:04] [Server thread/INFO]: [Not Secure] <Celxex> me llaman
[21:04:32] [Server thread/INFO]: Named entity class_1428['Evil Chicken'/22443, l='ServerLevel[Celysm]', x=1973.95, y=71.21, z=4229.49] died: Evil Chicken was slain by Vindicator
[21:04:50] [Server thread/INFO]: [Not Secure] <Celxex> yap
[21:05:51] [Server thread/WARN]: Can't keep up! Is the server overloaded? Running 2166ms or 43 ticks behind
[21:07:00] [Server thread/INFO]: [Not Secure] <Celxex> raro
[21:07:15] [Server thread/INFO]: [Not Secure] <Celxex> mmm no esta tan astetik
[21:07:18] [Server thread/INFO]: [Not Secure] <Celxex> pense que seria mas
[21:07:27] [Server thread/INFO]: [Not Secure] <Yasame14> vamo al castillo
[21:08:11] [Server thread/INFO]: Celxex withered away
[21:08:13] [Server thread/INFO]: Celxex was not rescued in time
[21:08:17] [Server thread/INFO]: Yasame14 was slain by Wither Skeleton
[21:08:20] [Server thread/INFO]: [Celxex: Teleported Celxex to Yasame14]
[21:08:51] [Server thread/INFO]: [Not Secure] <Celxex> corree
[21:09:03] [Server thread/INFO]: [Not Secure] <Celxex> ta muy stremo
[21:09:04] [Server thread/INFO]: Yasame14 died
[21:09:12] [Server thread/INFO]: Yasame14 was slain by Wither Skeleton
[21:10:06] [Server thread/INFO]: [Not Secure] <Yasame14> el diablo
[21:10:10] [Server thread/INFO]: [Not Secure] <Celxex> ta potente esa cosa
[21:10:13] [Server thread/INFO]: [Not Secure] <Celxex> no tenemos armadura
[21:10:18] [Server thread/INFO]: [Not Secure] <Celxex> no estamos listos para batalla KASD
[21:10:35] [Server thread/INFO]: [Not Secure] <Celxex> AQUEL arbol esta raro
[21:10:52] [Server thread/INFO]: [Not Secure] <Celxex> no esta buscando JKDAS
[21:11:04] [Server thread/INFO]: [Not Secure] <Yasame14> que era esa vaina
[21:11:10] [Server thread/INFO]: [Not Secure] <Celxex> unjefe
[21:11:12] [Server thread/INFO]: [Not Secure] <Celxex> }
[21:11:17] [Server thread/INFO]: [Not Secure] <Celxex> lo peor es que es de los faciles KJADS
[21:12:19] [Server thread/INFO]: Yasame14 has made the advancement [Shulker's Gift]
[21:12:20] [Server thread/INFO]: Celxex withered away
[21:12:32] [Server thread/INFO]: [Not Secure] <Celxex> DIOS kjasd
[21:12:57] [Server thread/INFO]: [Celxex: Set the time to 1000]
[21:13:00] [Server thread/INFO]: [Not Secure] <Yasame14> solo son cristales
[21:13:50] [Server thread/INFO]: [Not Secure] <Celxex> el cofre del jefe
[21:13:54] [Server thread/INFO]: [Not Secure] <Celxex> e ese
[21:14:06] [Server thread/WARN]: Tried to over-fill a container
[21:14:06] [Server thread/WARN]: Tried to over-fill a container
[21:14:08] [Server thread/INFO]: [Not Secure] <Celxex> waos
[21:14:51] [Server thread/INFO]: Celxex has made the advancement [Too Many Bows]
[21:15:58] [Server thread/INFO]: Celxex has made the advancement [Shulker's Gift]
[21:15:58] [Server thread/INFO]: [Not Secure] <Yasame14> quees
[21:16:04] [Server thread/INFO]: [Not Secure] <Celxex> ohh
[21:16:12] [Server thread/INFO]: [Not Secure] <Celxex> es para hacer un cofre portatil
[21:16:19] [Server thread/INFO]: [Not Secure] <Celxex> se ocuapan 3 de estos
[21:16:22] [Server thread/INFO]: [Not Secure] <Celxex> es bueno
[21:16:29] [Server thread/INFO]: [Not Secure] <Celxex> se consigue solo en la dimension final
[21:17:01] [Server thread/INFO]: Yasame14 was slain by Zombie
[21:17:20] [Server thread/INFO]: Yasame14 died
[21:17:44] [Server thread/WARN]: Can't keep up! Is the server overloaded? Running 2107ms or 42 ticks behind
[21:17:53] [Server thread/INFO]: Yasame14 died
[21:18:11] [Server thread/WARN]: Can't keep up! Is the server overloaded? Running 2109ms or 42 ticks behind
[21:18:42] [Server thread/INFO]: [Not Secure] <Yasame14> dame pan
[21:18:54] [Server thread/INFO]: [Not Secure] <Celxex> manzana
[21:19:33] [Server thread/WARN]: Can't keep up! Is the server overloaded? Running 2015ms or 40 ticks behind
[21:19:56] [Server thread/INFO]: [Not Secure] <Celxex> mina
[21:20:05] [Server thread/WARN]: Can't keep up! Is the server overloaded? Running 2083ms or 41 ticks behind
[21:20:13] [Server thread/INFO]: [Not Secure] <Celxex> es castillo pillager
[21:20:43] [Server thread/INFO]: [Not Secure] <Celxex> aca es la entrada
[21:20:49] [Server thread/INFO]: [Not Secure] <Celxex> aca abajo
[21:21:15] [Server thread/INFO]: [Not Secure] <Celxex> baja
[21:21:19] [Server thread/INFO]: [Not Secure] <Celxex> aca
[21:21:23] [Server thread/INFO]: Celxex was slain by Vindicator
[21:22:01] [Server thread/INFO]: [Not Secure] <Celxex> AQUI
[21:22:19] [Server thread/INFO]: [Not Secure] <Celxex> mira
[21:22:39] [Server thread/INFO]: [Not Secure] <Yasame14> q veo
[21:22:47] [Server thread/INFO]: [Not Secure] <Celxex> la cosa de flechas
[21:22:49] [Server thread/INFO]: [Not Secure] <Celxex> te sirve
[21:23:55] [Server thread/INFO]: [Not Secure] <Celxex> abajo
[21:23:59] [Server thread/INFO]: [Not Secure] <Yasame14> ven}
[21:24:02] [Server thread/INFO]: [Not Secure] <Yasame14> q e sto
[21:24:23] [Server thread/INFO]: [Not Secure] <Celxex> nada relevante
